page_num,row_num,full_link,company,co_hq_city,co_hq_zip,labor_area,id,notice_date
page001.html,1,https://www.azjobconnection.gov/ada/mn_warn_dsp.cfm?id=94,AAA Club Partners  ,Wilmington  ,19801  ,7  ,94,2012-10-09
page001.html,2,https://www.azjobconnection.gov/ada/mn_warn_dsp.cfm?id=21,"AB Car Rental Services, Inc.  ",Phoenix  ,85034  ,7  ,21,2010-09-28
page001.html,3,https://www.azjobconnection.gov/ada/mn_warn_dsp.cfm?id=244,ABB Inc.  ,Phoenix  ,85034  ,5  ,244,2016-05-31
page001.html,4,https://www.azjobconnection.gov/ada/mn_warn_dsp.cfm?id=61,Abrazo Health Care  ,Chandler  ,85224  ,7  ,61,2011-01-07
page001.html,5,https://www.azjobconnection.gov/ada/mn_warn_dsp.cfm?id=308,Abrazo Scottsdale Campus  ,Phoenix  ,85032  ,5  ,308,2018-07-13
page001.html,6,https://www.azjobconnection.gov/ada/mn_warn_dsp.cfm?id=156,Acosta Sales & Marketing  ,Brea  ,92821  ,5  ,156,2014-06-19
page001.html,7,https://www.azjobconnection.gov/ada/mn_warn_dsp.cfm?id=136,"ACP Services, LLC  ",Walnut Creek  ,94597  ,7  ,136,2013-08-28
page001.html,8,https://www.azjobconnection.gov/ada/mn_warn_dsp.cfm?id=295,"ACS, LLC  ",Yuma  ,85365  ,9  ,295,2018-02-21
page001.html,9,https://www.azjobconnection.gov/ada/mn_warn_dsp.cfm?id=236,"ACS, LLC  ",Yuma  ,85365  ,9  ,236,2016-05-04
page001.html,10,https://www.azjobconnection.gov/ada/mn_warn_dsp.cfm?id=237,"ACS, LLC  ",Yuma  ,85365  ,9  ,237,2016-05-04
page001.html,11,https://www.azjobconnection.gov/ada/mn_warn_dsp.cfm?id=243,"Advantage Logistics Southwest, Inc.  ",Phoenix  ,85043  ,7  ,243,2016-06-06
page001.html,12,https://www.azjobconnection.gov/ada/mn_warn_dsp.cfm?id=363,Aecom  ,Luke AFB  ,85012  ,7  ,363,2019-07-29
page001.html,13,https://www.azjobconnection.gov/ada/mn_warn_dsp.cfm?id=399,Aecom  ,Glendale  ,85310  ,7  ,399,2020-01-17
page001.html,14,https://www.azjobconnection.gov/ada/mn_warn_dsp.cfm?id=111,"Aegis Communications Group, Inc.  ",Irving  ,75063  ,1  ,111,2013-04-29
page001.html,15,https://www.azjobconnection.gov/ada/mn_warn_dsp.cfm?id=233,Aeroturbine  ,Miramar  ,33027  ,7  ,233,2016-01-27
page001.html,16,https://www.azjobconnection.gov/ada/mn_warn_dsp.cfm?id=260,Albertson Company #1026  ,Surprise  ,85374  ,7  ,260,2017-01-06
page001.html,17,https://www.azjobconnection.gov/ada/mn_warn_dsp.cfm?id=262,Albertson Company #969  ,Scottsdale  ,85260  ,7  ,262,2017-01-06
page001.html,18,https://www.azjobconnection.gov/ada/mn_warn_dsp.cfm?id=2,Albertson's Store #968  ,Casa Grande  ,85222  ,2  ,2,2012-01-06
page001.html,19,https://www.azjobconnection.gov/ada/mn_warn_dsp.cfm?id=284,Albertsons  ,Phoenix  ,85028  ,5  ,284,2018-01-05
page001.html,20,https://www.azjobconnection.gov/ada/mn_warn_dsp.cfm?id=358,Albertsons 2929  ,Gilbert  ,85297  ,7  ,358,2019-06-21
page001.html,21,https://www.azjobconnection.gov/ada/mn_warn_dsp.cfm?id=122,Albertsons LLC  ,Tolleson  ,85353  ,7  ,122,2014-01-13
page001.html,22,https://www.azjobconnection.gov/ada/mn_warn_dsp.cfm?id=303,Albertsons Store 959  ,Tucson  ,85710  ,6  ,303,2018-06-18
page001.html,23,https://www.azjobconnection.gov/ada/mn_warn_dsp.cfm?id=348,Albertsons/Safeway 0940  ,Tempe  ,85283  ,7  ,348,2019-04-26
page001.html,24,https://www.azjobconnection.gov/ada/mn_warn_dsp.cfm?id=314,Alorica  ,Tucson  ,85756  ,6  ,314,2019-01-25
page001.html,25,https://www.azjobconnection.gov/ada/mn_warn_dsp.cfm?id=369,Alorica - Mesa  ,Mesa  ,85203  ,7  ,369,2019-08-28
page002.html,26,https://www.azjobconnection.gov/ada/mn_warn_dsp.cfm?id=407,Amentum  ,Yuma  ,85364  ,9  ,407,2020-03-13
page002.html,27,https://www.azjobconnection.gov/ada/mn_warn_dsp.cfm?id=40,"American Airlines, Inc.  ",Tucson  ,85706  ,6  ,40,2012-05-01
page002.html,28,https://www.azjobconnection.gov/ada/mn_warn_dsp.cfm?id=58,Ameron International Phoenix Division  ,Phoenix  ,85034  ,7  ,58,2011-04-06
page002.html,29,https://www.azjobconnection.gov/ada/mn_warn_dsp.cfm?id=203,"Ameron International, Inc.  ",Phoenix  ,85034  ,5  ,203,2015-07-31
page002.html,30,https://www.azjobconnection.gov/ada/mn_warn_dsp.cfm?id=379,AMR Patient Advocacy Group - AZ  ,Scottsdale  ,85258  ,7  ,379,2019-10-31
page002.html,31,https://www.azjobconnection.gov/ada/mn_warn_dsp.cfm?id=162,Anthem Education  ,Fort Lauderdale  ,33334  ,5  ,162,2014-07-15
page002.html,32,https://www.azjobconnection.gov/ada/mn_warn_dsp.cfm?id=152,Aramark  ,Anaheim  ,92807  ,5  ,152,2013-09-09
page002.html,33,https://www.azjobconnection.gov/ada/mn_warn_dsp.cfm?id=414,Ares Collective Restaurants  ,Tucson  ,85715  ,6  ,414,2020-03-23
page002.html,34,https://www.azjobconnection.gov/ada/mn_warn_dsp.cfm?id=344,Arizona Daily Star  ,Tucson  ,85714  ,6  ,344,2019-03-21
page002.html,35,https://www.azjobconnection.gov/ada/mn_warn_dsp.cfm?id=175,Arizona Grand Senior Living Community  ,Phoenix  ,85016  ,5  ,175,2014-12-30
page002.html,36,https://www.azjobconnection.gov/ada/mn_warn_dsp.cfm?id=160,Arizona Neurological Institute  ,Sun City  ,85351  ,7  ,160,2014-08-01
page002.html,37,https://www.azjobconnection.gov/ada/mn_warn_dsp.cfm?id=9,Armor Works  ,Chandler  ,85226  ,7  ,9,2012-03-12
page002.html,38,https://www.azjobconnection.gov/ada/mn_warn_dsp.cfm?id=247,ARRIS Group Inc.  ,Suwanee  ,30024  ,5  ,247,2016-08-24
page002.html,39,https://www.azjobconnection.gov/ada/mn_warn_dsp.cfm?id=248,ARRIS Group Inc.  ,Suwanee  ,30024  ,7  ,248,2016-08-24
page002.html,40,https://www.azjobconnection.gov/ada/mn_warn_dsp.cfm?id=249,ARRIS Group Inc.  ,Suwanee  ,30024  ,7  ,249,2016-08-24
page002.html,41,https://www.azjobconnection.gov/ada/mn_warn_dsp.cfm?id=232,ASARCO Grupo Mexico  ,Tucson  ,85711  ,2002  ,232,2016-02-11
page002.html,42,https://www.azjobconnection.gov/ada/mn_warn_dsp.cfm?id=216,ASARCO Grupo Mexico  ,Tucson  ,85711  ,14  ,216,2015-08-21
page002.html,43,https://www.azjobconnection.gov/ada/mn_warn_dsp.cfm?id=92,"Asset Acceptance, LLC  ",Warren  ,48093  ,7  ,92,2012-09-10
page002.html,44,https://www.azjobconnection.gov/ada/mn_warn_dsp.cfm?id=301,AT&T  ,Phoenix  ,85044  ,5  ,301,2018-06-14
page002.html,45,https://www.azjobconnection.gov/ada/mn_warn_dsp.cfm?id=252,AT&T  ,Phx  ,85027  ,5  ,252,2016-11-29
page002.html,46,https://www.azjobconnection.gov/ada/mn_warn_dsp.cfm?id=32,ATC/Vancom of Arizona L.P. dba Veolia Tranport.  ,Phoenix  ,85003  ,7  ,32,2010-04-28
page002.html,47,https://www.azjobconnection.gov/ada/mn_warn_dsp.cfm?id=205,Atkore International  ,Harvey  ,60426  ,5  ,205,2015-08-06
page002.html,48,https://www.azjobconnection.gov/ada/mn_warn_dsp.cfm?id=215,ATSCO Remanufacturing Inc.  ,Daphne  ,36526  ,5  ,215,2015-08-26
page002.html,49,https://www.azjobconnection.gov/ada/mn_warn_dsp.cfm?id=86,"Bada Bing Bakery LLC, dba Chompie's Baking Co.  ",Phoenix  ,85034  ,7  ,86,2012-03-16
page002.html,50,https://www.azjobconnection.gov/ada/mn_warn_dsp.cfm?id=141,Bank of America  ,Washington  ,20004  ,7  ,141,2013-11-22
page003.html,51,https://www.azjobconnection.gov/ada/mn_warn_dsp.cfm?id=218,"Beck, Chaet, Bamberger,& Polsky, S.C.  ",Milwaukee  ,53202  ,5  ,218,2015-08-14
page003.html,52,https://www.azjobconnection.gov/ada/mn_warn_dsp.cfm?id=402,Bella Fresh  ,Phoenix  ,85043  ,5  ,402,2020-02-05
page003.html,53,https://www.azjobconnection.gov/ada/mn_warn_dsp.cfm?id=171,"Benchmark Electronics Phoenix, Inc.  ",Phoenix  ,85023  ,5  ,171,2014-10-30
page003.html,54,https://www.azjobconnection.gov/ada/mn_warn_dsp.cfm?id=433,Best Western Hotels & Resorts  ,Phoenix  ,85016  ,5  ,433,2020-03-25
page003.html,55,https://www.azjobconnection.gov/ada/mn_warn_dsp.cfm?id=121,"Blue Chip southwest, LLC  ",Walnut Creek  ,94598  ,7  ,121,2014-01-24
page003.html,56,https://www.azjobconnection.gov/ada/mn_warn_dsp.cfm?id=292,Boyd Coffee Company  ,Tempe  ,85282  ,7  ,292,2018-03-22
page003.html,57,https://www.azjobconnection.gov/ada/mn_warn_dsp.cfm?id=48,Bridgeway Health Solutions  ,Tucson  ,85714  ,6  ,48,2011-07-29
page003.html,58,https://www.azjobconnection.gov/ada/mn_warn_dsp.cfm?id=307,C & W Services  ,Dallas  ,75254  ,5  ,307,2018-07-03
page003.html,59,https://www.azjobconnection.gov/ada/mn_warn_dsp.cfm?id=208,Calvery Staffing  ,Phoenix  ,95040  ,5  ,208,2015-08-04
page003.html,60,https://www.azjobconnection.gov/ada/mn_warn_dsp.cfm?id=422,"Cameron Mitchell Restaurants, LLC  ",Columbus  ,85054  ,5  ,422,2020-03-24
page003.html,61,https://www.azjobconnection.gov/ada/mn_warn_dsp.cfm?id=181,Captial Group Companies Global  ,Scottsdale  ,85254  ,7  ,181,2015-04-22
page003.html,62,https://www.azjobconnection.gov/ada/mn_warn_dsp.cfm?id=33,CardWorks Processing LLC  ,Tucson  ,85711  ,6  ,33,2011-12-01
page003.html,63,https://www.azjobconnection.gov/ada/mn_warn_dsp.cfm?id=47,Carlota Copper Company  ,Miami  ,85539  ,2  ,47,2011-08-01
page003.html,64,https://www.azjobconnection.gov/ada/mn_warn_dsp.cfm?id=377,Cascades  ,Kingman  ,86401  ,11  ,377,2019-10-30
page003.html,65,https://www.azjobconnection.gov/ada/mn_warn_dsp.cfm?id=89,Catalyst Paper Inc.  ,Snowflake  ,85937  ,14  ,89,2012-07-30
page003.html,66,https://www.azjobconnection.gov/ada/mn_warn_dsp.cfm?id=49,Cellco Partnership dba Verizon Wireless  ,Phoenix  ,85044  ,7  ,49,2011-07-27
page003.html,67,https://www.azjobconnection.gov/ada/mn_warn_dsp.cfm?id=103,Cementation  ,Sandy  ,84070  ,2  ,103,2012-12-10
page003.html,68,https://www.azjobconnection.gov/ada/mn_warn_dsp.cfm?id=16,CEMEX  ,Tucson  ,85743  ,6  ,16,2010-11-22
page003.html,69,https://www.azjobconnection.gov/ada/mn_warn_dsp.cfm?id=115,CenturyLink  ,New Century  ,66031  ,5  ,115,2014-02-26
page003.html,70,https://www.azjobconnection.gov/ada/mn_warn_dsp.cfm?id=6,"Chevron Mining, Inc. McKinley Mine  ",Gallup  ,87305  ,15  ,6,2012-02-08
page003.html,71,https://www.azjobconnection.gov/ada/mn_warn_dsp.cfm?id=26,"Citigroup, Inc.  ",Phoenix  ,85044  ,7  ,26,2010-07-30
page003.html,72,https://www.azjobconnection.gov/ada/mn_warn_dsp.cfm?id=394,CMA CGM (America) LLC  ,Scottsdale  ,85254  ,7  ,394,2020-01-03
page003.html,73,https://www.azjobconnection.gov/ada/mn_warn_dsp.cfm?id=27,Coach-Net Services Group  ,Lake Havasu City  ,86403  ,11  ,27,2010-07-27
page003.html,74,https://www.azjobconnection.gov/ada/mn_warn_dsp.cfm?id=135,Cody Inc.  ,Phoenix  ,85034  ,5  ,135,2013-08-01
page003.html,75,https://www.azjobconnection.gov/ada/mn_warn_dsp.cfm?id=401,Cognizant  ,Phoenix  ,85021  ,5  ,401,2019-12-18
page004.html,76,https://www.azjobconnection.gov/ada/mn_warn_dsp.cfm?id=328,Combat Tactical Training Range  ,Yuma  ,85365  ,9  ,328,2019-02-07
page004.html,77,https://www.azjobconnection.gov/ada/mn_warn_dsp.cfm?id=204,Community Partners Inc  ,Tucson  ,85711  ,6  ,204,2015-07-27
page004.html,78,https://www.azjobconnection.gov/ada/mn_warn_dsp.cfm?id=391,"Compass USA - Holy Cross  ",Tucson  ,85621  ,6  ,391,2019-12-30
page004.html,79,https://www.azjobconnection.gov/ada/mn_warn_dsp.cfm?id=390,Compass USA - St Joseph's  ,Tucson  ,85711  ,6  ,390,2019-12-30
page004.html,80,https://www.azjobconnection.gov/ada/mn_warn_dsp.cfm?id=389,Compass USA - St Mary' Hospital  ,Tucson  ,85745  ,6  ,389,2019-12-30
page004.html,81,https://www.azjobconnection.gov/ada/mn_warn_dsp.cfm?id=352,Conair Corporation  ,Stamford  ,06902  ,7  ,352,2019-05-13
page004.html,82,https://www.azjobconnection.gov/ada/mn_warn_dsp.cfm?id=319,Concentrix Corporation  ,Tucson  ,85705  ,6  ,319,2019-04-05
page004.html,83,https://www.azjobconnection.gov/ada/mn_warn_dsp.cfm?id=290,Conifer Health Solutions  ,Phoenix  ,85020  ,5  ,290,2019-02-28
page004.html,84,https://www.azjobconnection.gov/ada/mn_warn_dsp.cfm?id=63,Covance Laboratories Inc.  ,Chandler  ,852861703  ,7  ,63,2012-05-02
page004.html,85,https://www.azjobconnection.gov/ada/mn_warn_dsp.cfm?id=29,Crowne Plaza Hotel  ,Phoenix  ,85029  ,7  ,29,2010-06-30
page004.html,86,https://www.azjobconnection.gov/ada/mn_warn_dsp.cfm?id=272,Da Vita Rx  ,Coppell  ,75019  ,7  ,272,2017-04-19
page004.html,87,https://www.azjobconnection.gov/ada/mn_warn_dsp.cfm?id=224,"DAL Global Services, LLC  ",Atlanta  ,303206001  ,5  ,224,2015-11-16
page004.html,88,https://www.azjobconnection.gov/ada/mn_warn_dsp.cfm?id=242,DataSphere Technologies  ,Bellevue  ,98008  ,7  ,242,2016-05-30
page004.html,89,https://www.azjobconnection.gov/ada/mn_warn_dsp.cfm?id=159,Davidson Hotels & Resorts  ,Alanta  ,30346  ,7  ,159,2014-06-26
page004.html,90,https://www.azjobconnection.gov/ada/mn_warn_dsp.cfm?id=132,Delaware North Companies Travel Hospitality Serv  ,Buffalo  ,14202  ,5  ,132,2013-12-20
page004.html,91,https://www.azjobconnection.gov/ada/mn_warn_dsp.cfm?id=57,Deluxe Corporation  ,Phoenix  ,850347244  ,7  ,57,2011-05-24
page004.html,92,https://www.azjobconnection.gov/ada/mn_warn_dsp.cfm?id=418,Denny's (Beshay Enterprises)  ,Murrieta  ,92562  ,2003  ,418,2020-03-23
page004.html,93,https://www.azjobconnection.gov/ada/mn_warn_dsp.cfm?id=428,Denny's (Beshay Enterprises)  ,Murrieta  ,92562  ,5  ,428,2020-03-23
page004.html,94,https://www.azjobconnection.gov/ada/mn_warn_dsp.cfm?id=429,Denny's (Beshay Enterprises)  ,Murrieta  ,92562  ,5  ,429,2020-03-23
page004.html,95,https://www.azjobconnection.gov/ada/mn_warn_dsp.cfm?id=430,Denny's (Beshay Enterprises)  ,Murrieta  ,92562  ,5  ,430,2020-03-23
page004.html,96,https://www.azjobconnection.gov/ada/mn_warn_dsp.cfm?id=431,Denny's (Beshay Enterprises)  ,Murrieta  ,92562  ,5  ,431,2020-03-23
page004.html,97,https://www.azjobconnection.gov/ada/mn_warn_dsp.cfm?id=432,Denny's (Beshay Enterprises)  ,Murrieta  ,92562  ,5  ,432,2020-03-23
page004.html,98,https://www.azjobconnection.gov/ada/mn_warn_dsp.cfm?id=52,"DeVry, Inc.  ",Phoenix  ,85021  ,7  ,52,2011-06-17
page004.html,99,https://www.azjobconnection.gov/ada/mn_warn_dsp.cfm?id=343,Dexcom  ,San Diego  ,92121  ,7  ,343,2019-02-26
page004.html,100,https://www.azjobconnection.gov/ada/mn_warn_dsp.cfm?id=342,DialAmerica Marketing  ,Phoenix  ,85040  ,5  ,342,2019-03-04
page005.html,101,https://www.azjobconnection.gov/ada/mn_warn_dsp.cfm?id=297,Direct Energy  ,Houston  ,77046  ,7  ,297,2018-04-30
page005.html,102,https://www.azjobconnection.gov/ada/mn_warn_dsp.cfm?id=383,District medical Group (DMG)  ,Phoenix  ,85008  ,5  ,383,2019-11-14
page005.html,103,https://www.azjobconnection.gov/ada/mn_warn_dsp.cfm?id=388,Ditech Financial LLC  ,Tempe  ,85282  ,7  ,388,2019-12-16
page005.html,104,https://www.azjobconnection.gov/ada/mn_warn_dsp.cfm?id=24,"Dole Fresh Vegetables, Inc.  ",Yuma  ,85365  ,9  ,24,2010-08-27
page005.html,105,https://www.azjobconnection.gov/ada/mn_warn_dsp.cfm?id=313,Dream Center Education Holdings  ,Phoenix  ,85201  ,5  ,313,2018-06-29
page005.html,106,https://www.azjobconnection.gov/ada/mn_warn_dsp.cfm?id=437,Drive Time  ,Phoenix  ,85040  ,5  ,437,2020-03-27
page005.html,107,https://www.azjobconnection.gov/ada/mn_warn_dsp.cfm?id=375,Dun & Bradstreet  ,Tucson  ,85701  ,6  ,375,2019-10-29
page005.html,108,https://www.azjobconnection.gov/ada/mn_warn_dsp.cfm?id=400,Dyncorp  ,Tucson  ,85704  ,6  ,400,2020-01-15
page005.html,109,https://www.azjobconnection.gov/ada/mn_warn_dsp.cfm?id=30,Embassy Suites Hotel (Phoenix)  ,Phoenix  ,85008  ,7  ,30,2010-06-14
page005.html,110,https://www.azjobconnection.gov/ada/mn_warn_dsp.cfm?id=409,Embassy Suites Tempe  ,Tempe  ,85282  ,5  ,409,2020-03-18
page005.html,111,https://www.azjobconnection.gov/ada/mn_warn_dsp.cfm?id=179,"Enterprise Recovery Ststems, Inc  ",Oak Brook  ,60523  ,7  ,179,2015-03-31
page005.html,112,https://www.azjobconnection.gov/ada/mn_warn_dsp.cfm?id=311,Essity North America LLC  ,Bellemont  ,86015  ,10  ,311,2018-09-18
page005.html,113,https://www.azjobconnection.gov/ada/mn_warn_dsp.cfm?id=378,First Solar  ,Tempe  ,85281  ,7  ,378,2019-10-30
page005.html,114,https://www.azjobconnection.gov/ada/mn_warn_dsp.cfm?id=114,Fortner Aerospace/PCC Aerostuructures  ,Prescott  ,86301  ,12  ,114,2013-12-04
page005.html,115,https://www.azjobconnection.gov/ada/mn_warn_dsp.cfm?id=415,Four Seasons Resort  ,Scottsdale  ,85262  ,7  ,415,2020-03-20
page005.html,116,https://www.azjobconnection.gov/ada/mn_warn_dsp.cfm?id=219,Freeport-McMoRan  ,Phoenix  ,85004  ,14  ,219,2015-08-27
page005.html,117,https://www.azjobconnection.gov/ada/mn_warn_dsp.cfm?id=220,Freeport-McMoRan Sierrita Inc.  ,Phoenix  ,85004  ,6  ,220,2015-10-22
page005.html,118,https://www.azjobconnection.gov/ada/mn_warn_dsp.cfm?id=312,G/O Digital  ,Phoenix  ,85004  ,5  ,312,2018-09-20
page005.html,119,https://www.azjobconnection.gov/ada/mn_warn_dsp.cfm?id=315,Gannett Satellite Information Network  ,Phoenix  ,85004  ,5  ,315,2018-09-26
page005.html,120,https://www.azjobconnection.gov/ada/mn_warn_dsp.cfm?id=120,GE Capital  ,Phoenix  ,85040  ,5  ,120,2014-01-15
page005.html,121,https://www.azjobconnection.gov/ada/mn_warn_dsp.cfm?id=238,GENCO  ,Pittsburgh  ,15238  ,7  ,238,2016-03-29
page005.html,122,https://www.azjobconnection.gov/ada/mn_warn_dsp.cfm?id=113,Geneeral Dynamics Information Technology  ,Fairfax  ,22030  ,6  ,113,2013-07-17
page005.html,123,https://www.azjobconnection.gov/ada/mn_warn_dsp.cfm?id=116,General Dynamics Information Technology  ,Fairfax  ,22031  ,5  ,116,2014-03-06
page005.html,124,https://www.azjobconnection.gov/ada/mn_warn_dsp.cfm?id=337,General Dynamics Information Technology  ,Fort Huachuca  ,85613  ,1  ,337,2019-02-26
page005.html,125,https://www.azjobconnection.gov/ada/mn_warn_dsp.cfm?id=310,GenRx Phamacy  ,Scottsdale  ,85255  ,7  ,310,2018-09-19
page006.html,126,https://www.azjobconnection.gov/ada/mn_warn_dsp.cfm?id=387,Global Solar  ,Tucson  ,85747  ,6  ,387,2019-10-24
page006.html,127,https://www.azjobconnection.gov/ada/mn_warn_dsp.cfm?id=91,"Global Solar Energy, Inc.  ",Tucson  ,85747  ,6  ,91,2012-07-19
page006.html,128,https://www.azjobconnection.gov/ada/mn_warn_dsp.cfm?id=138,GNC Live Well  ,Phoenix  ,85043  ,5  ,138,2013-10-10
page006.html,129,https://www.azjobconnection.gov/ada/mn_warn_dsp.cfm?id=253,GO Digital  ,Phx  ,85004  ,5  ,253,2016-11-17
page006.html,130,https://www.azjobconnection.gov/ada/mn_warn_dsp.cfm?id=416,Go Rentals  ,Newport  ,92660  ,7  ,416,2020-03-23
page006.html,131,https://www.azjobconnection.gov/ada/mn_warn_dsp.cfm?id=226,"Golden EagleDistributors, Inc.  ",Tucson  ,27506  ,6  ,226,2016-01-11
page006.html,132,https://www.azjobconnection.gov/ada/mn_warn_dsp.cfm?id=227,"Golden EagleDistributors, Inc.  ",Tucson  ,27506  ,2  ,227,2016-01-11
page006.html,133,https://www.azjobconnection.gov/ada/mn_warn_dsp.cfm?id=228,"Golden EagleDistributors, Inc.  ",Tucson  ,27506  ,7  ,228,2016-01-11
page006.html,134,https://www.azjobconnection.gov/ada/mn_warn_dsp.cfm?id=229,"Golden EagleDistributors, Inc.  ",Tucson  ,27506  ,10  ,229,2016-01-11
page006.html,135,https://www.azjobconnection.gov/ada/mn_warn_dsp.cfm?id=230,"Golden EagleDistributors, Inc.  ",Tucson  ,27506  ,14  ,230,2016-01-11
page006.html,136,https://www.azjobconnection.gov/ada/mn_warn_dsp.cfm?id=231,"Golden EagleDistributors, Inc.  ",Tucson  ,27506  ,7  ,231,2016-01-11
page006.html,137,https://www.azjobconnection.gov/ada/mn_warn_dsp.cfm?id=146,Greenbrier Rail Services  ,Lake Oswego  ,97035  ,6  ,146,2013-05-05
page006.html,138,https://www.azjobconnection.gov/ada/mn_warn_dsp.cfm?id=167,GT Advanced Technologies  ,Mesa  ,85212  ,7  ,167,2014-10-16
page006.html,139,https://www.azjobconnection.gov/ada/mn_warn_dsp.cfm?id=95,Guardian Building Products  ,Greer  ,29651  ,11  ,95,2012-10-15
page006.html,140,https://www.azjobconnection.gov/ada/mn_warn_dsp.cfm?id=209,"Haggen, Inc.  ",Irvine  ,92618  ,6  ,209,2015-08-14
page006.html,141,https://www.azjobconnection.gov/ada/mn_warn_dsp.cfm?id=211,"Haggen, Inc.  ",Irvine  ,92618  ,6  ,211,2015-08-14
page006.html,142,https://www.azjobconnection.gov/ada/mn_warn_dsp.cfm?id=212,"Haggen, Inc.  ",Irvine  ,92618  ,7  ,212,2015-08-14
page006.html,143,https://www.azjobconnection.gov/ada/mn_warn_dsp.cfm?id=213,"Haggen, Inc.  ",Irvine  ,92618  ,10  ,213,2015-08-14
page006.html,144,https://www.azjobconnection.gov/ada/mn_warn_dsp.cfm?id=214,"Haggen, Inc.  ",Irvine  ,92618  ,12  ,214,2015-08-14
page006.html,145,https://www.azjobconnection.gov/ada/mn_warn_dsp.cfm?id=255,"Hanjin Shipping America, LLC  ",Chandler  ,85224  ,7  ,255,2016-10-12
page006.html,146,https://www.azjobconnection.gov/ada/mn_warn_dsp.cfm?id=393,Hard Rock Cafe International  ,Phoenix  ,85004  ,5  ,393,2019-12-28
page006.html,147,https://www.azjobconnection.gov/ada/mn_warn_dsp.cfm?id=99,Hawker Beechcraft Corporation  ,Witchita  ,67206  ,7  ,99,2012-11-14
page006.html,148,https://www.azjobconnection.gov/ada/mn_warn_dsp.cfm?id=300,Hawrhorne Gardening  ,Chandler  ,85226  ,7  ,300,2018-06-06
page006.html,149,https://www.azjobconnection.gov/ada/mn_warn_dsp.cfm?id=36,"Healthways, Inc.  ",Phoenix  ,85044  ,7  ,36,2011-11-16
page006.html,150,https://www.azjobconnection.gov/ada/mn_warn_dsp.cfm?id=109,Heracus Materials Technology North America LLC  ,Chandler  ,85226  ,7  ,109,2013-03-01
page007.html,151,https://www.azjobconnection.gov/ada/mn_warn_dsp.cfm?id=151,Highway Technologies  ,Houston  ,77002  ,7  ,151,2013-05-17
page007.html,152,https://www.azjobconnection.gov/ada/mn_warn_dsp.cfm?id=20,Hines Nurseries  ,Chino Valley  ,86323  ,12  ,20,2010-10-06
page007.html,153,https://www.azjobconnection.gov/ada/mn_warn_dsp.cfm?id=97,HMSHost  ,Phoenix  ,85034  ,5  ,97,2012-10-29
page007.html,154,https://www.azjobconnection.gov/ada/mn_warn_dsp.cfm?id=55,Hometown America  ,Apache Junction  ,85219  ,6  ,55,2011-05-31
page007.html,155,https://www.azjobconnection.gov/ada/mn_warn_dsp.cfm?id=67,Hostess Brand Inc.  ,Flagstaff  ,860044216  ,10  ,67,2012-05-04
page007.html,156,https://www.azjobconnection.gov/ada/mn_warn_dsp.cfm?id=74,"Hostess Brand, Inc.  ",Chandler  ,852251125  ,7  ,74,2012-05-04
page007.html,157,https://www.azjobconnection.gov/ada/mn_warn_dsp.cfm?id=69,"Hostess Brand, Inc.  ",Payson  ,85901  ,2  ,69,2012-05-04
page007.html,158,https://www.azjobconnection.gov/ada/mn_warn_dsp.cfm?id=77,"Hostess Brand, Inc.  ",Lake Havasu City  ,864042401  ,11  ,77,2012-05-04
page007.html,159,https://www.azjobconnection.gov/ada/mn_warn_dsp.cfm?id=78,"Hostess Brands, Inc.  ",Kingman  ,86401  ,11  ,78,2012-05-04
page007.html,160,https://www.azjobconnection.gov/ada/mn_warn_dsp.cfm?id=79,"Hostess Brands, Inc.  ",Showlow  ,85901  ,14  ,79,2012-05-04
page007.html,161,https://www.azjobconnection.gov/ada/mn_warn_dsp.cfm?id=80,"Hostess Brands, Inc.  ",Tucson  ,857055930  ,6  ,80,2012-05-04
page007.html,162,https://www.azjobconnection.gov/ada/mn_warn_dsp.cfm?id=81,"Hostess Brands, Inc.  ",Casa Grande  ,852225203  ,2  ,81,2012-05-04
page007.html,163,https://www.azjobconnection.gov/ada/mn_warn_dsp.cfm?id=82,"Hostess Brands, Inc.  ",Chino Valley  ,86323  ,12  ,82,2012-05-04
page007.html,164,https://www.azjobconnection.gov/ada/mn_warn_dsp.cfm?id=83,"Hostess Brands, Inc.  ",Yuma  ,853648540  ,9  ,83,2012-05-04
page007.html,165,https://www.azjobconnection.gov/ada/mn_warn_dsp.cfm?id=70,"Hostess Brands, Inc.  ",Ehrenberg  ,85334  ,11  ,70,2012-05-04
page007.html,166,https://www.azjobconnection.gov/ada/mn_warn_dsp.cfm?id=71,"Hostess Brands, Inc.  ",Mesa  ,852038033  ,7  ,71,2012-05-04
page007.html,167,https://www.azjobconnection.gov/ada/mn_warn_dsp.cfm?id=72,"Hostess Brands, Inc.  ",Phoenix  ,850221107  ,7  ,72,2012-05-04
page007.html,168,https://www.azjobconnection.gov/ada/mn_warn_dsp.cfm?id=73,"Hostess Brands, Inc.  ",Phoenix  ,850094720  ,7  ,73,2012-05-04
page007.html,169,https://www.azjobconnection.gov/ada/mn_warn_dsp.cfm?id=75,"Hostess Brands, Inc.  ",Phoenix  ,850408810  ,7  ,75,2012-05-04
page007.html,170,https://www.azjobconnection.gov/ada/mn_warn_dsp.cfm?id=76,"Hostess Brands, Inc.  ",Fort Mohave  ,86426  ,11  ,76,2012-05-04
page007.html,171,https://www.azjobconnection.gov/ada/mn_warn_dsp.cfm?id=68,"Hostess Brands, Inc.  ",Globe  ,85901  ,2  ,68,2012-05-04
page007.html,172,https://www.azjobconnection.gov/ada/mn_warn_dsp.cfm?id=66,"Hostess Brands, Inc.  ",Benson  ,856026306  ,1  ,66,2012-05-04
page007.html,173,https://www.azjobconnection.gov/ada/mn_warn_dsp.cfm?id=405,HotChalk  ,Phoenix  ,85034  ,5  ,405,2020-02-25
page007.html,174,https://www.azjobconnection.gov/ada/mn_warn_dsp.cfm?id=43,Hualapai Mountain Medical Center  ,Kingman  ,86401  ,11  ,43,2011-08-26
page007.html,175,https://www.azjobconnection.gov/ada/mn_warn_dsp.cfm?id=366,"Insys Therapeutics, Inc  ",Chandler  ,85224  ,7  ,366,2019-08-09
page008.html,176,https://www.azjobconnection.gov/ada/mn_warn_dsp.cfm?id=234,Intel Corporation  ,Santa Clara  ,95054  ,7  ,234,2016-04-25
page008.html,177,https://www.azjobconnection.gov/ada/mn_warn_dsp.cfm?id=235,Intel Corporation  ,Santa Clara  ,95054  ,7  ,235,2016-04-25
page008.html,178,https://www.azjobconnection.gov/ada/mn_warn_dsp.cfm?id=302,Interagency Council  ,Lake havasu City  ,86403  ,11  ,302,2018-06-13
page008.html,179,https://www.azjobconnection.gov/ada/mn_warn_dsp.cfm?id=180,Intercontinental Exchange NYSE  ,Chicago  ,60606  ,5  ,180,2015-03-23
page008.html,180,https://www.azjobconnection.gov/ada/mn_warn_dsp.cfm?id=37,International Bedding  ,Tolleson  ,85353  ,7  ,37,2011-10-21
page008.html,181,https://www.azjobconnection.gov/ada/mn_warn_dsp.cfm?id=421,International Cruise & Excursion Gallery  ,Scottsdale  ,85256  ,7  ,421,2020-03-24
page008.html,182,https://www.azjobconnection.gov/ada/mn_warn_dsp.cfm?id=12,International Window Arizona  ,Phoenix  ,85040  ,7  ,12,2010-12-30
page008.html,183,https://www.azjobconnection.gov/ada/mn_warn_dsp.cfm?id=112,Intuit  ,Mountain View  ,94043  ,6  ,112,2013-07-10
page008.html,184,https://www.azjobconnection.gov/ada/mn_warn_dsp.cfm?id=324,Invitation Homes  ,Scottsdale  ,85255  ,7  ,324,2019-01-16
page008.html,185,https://www.azjobconnection.gov/ada/mn_warn_dsp.cfm?id=419,Islands Restaurants  ,Phoenix  ,85050  ,7  ,419,2020-03-23
page008.html,186,https://www.azjobconnection.gov/ada/mn_warn_dsp.cfm?id=145,Jabil  ,Tempe  ,85281  ,7  ,145,2013-09-05
page008.html,187,https://www.azjobconnection.gov/ada/mn_warn_dsp.cfm?id=14,John C. Lincoln Health Network's North Mountain  ,Phoenix  ,85020  ,7  ,14,2010-12-06
page008.html,188,https://www.azjobconnection.gov/ada/mn_warn_dsp.cfm?id=13,Kaplan University  ,Phoenix  ,85008  ,7  ,13,2010-12-07
page008.html,189,https://www.azjobconnection.gov/ada/mn_warn_dsp.cfm?id=371,Katerra  ,Scottsdale  ,85258  ,7  ,371,2019-10-09
page008.html,190,https://www.azjobconnection.gov/ada/mn_warn_dsp.cfm?id=386,Katerra  ,Phoenix  ,85043  ,5  ,386,2019-12-03
page008.html,191,https://www.azjobconnection.gov/ada/mn_warn_dsp.cfm?id=413,KDC Construction  ,Irvine  ,92606  ,7  ,413,2020-03-20
page008.html,192,https://www.azjobconnection.gov/ada/mn_warn_dsp.cfm?id=274,Kellogg's  ,Battle Creek  ,49016  ,5  ,274,2017-05-26
page008.html,193,https://www.azjobconnection.gov/ada/mn_warn_dsp.cfm?id=148,Kmart  ,Hoffman Estates  ,60179  ,5  ,148,2013-08-29
page008.html,194,https://www.azjobconnection.gov/ada/mn_warn_dsp.cfm?id=39,"Kmart Store # 4269  ",Phoenix  ,85019  ,7  ,39,2011-10-15
page008.html,195,https://www.azjobconnection.gov/ada/mn_warn_dsp.cfm?id=323,Kmart #04996  ,Hoffman Estates  ,60192  ,6  ,323,2018-12-27
page008.html,196,https://www.azjobconnection.gov/ada/mn_warn_dsp.cfm?id=169,Kmart Corporation  ,Hoffman Estates  ,80179  ,5  ,169,2014-10-15
page008.html,197,https://www.azjobconnection.gov/ada/mn_warn_dsp.cfm?id=93,Kmart Corporation  ,Hoffman Estates  ,60179  ,7  ,93,2012-10-04
page008.html,198,https://www.azjobconnection.gov/ada/mn_warn_dsp.cfm?id=336,La Palma Correctional Facility  ,Eloy  ,85131  ,2  ,336,2019-02-22
page008.html,199,https://www.azjobconnection.gov/ada/mn_warn_dsp.cfm?id=351,Leidos  ,Prescott Valley  ,86314  ,12  ,351,2019-05-03
page008.html,200,https://www.azjobconnection.gov/ada/mn_warn_dsp.cfm?id=190,Life Care Centers of America  ,Cleveland  ,37320  ,7  ,190,2015-04-30
page009.html,201,https://www.azjobconnection.gov/ada/mn_warn_dsp.cfm?id=191,Life Care Centers of America  ,Cleveland  ,37320  ,6  ,191,2015-04-30
page009.html,202,https://www.azjobconnection.gov/ada/mn_warn_dsp.cfm?id=192,Life Care Centers of America  ,Cleveland  ,37320  ,6  ,192,2015-04-30
page009.html,203,https://www.azjobconnection.gov/ada/mn_warn_dsp.cfm?id=193,Life Care Centers of America  ,Cleveland  ,37320  ,12  ,193,2015-04-30
page009.html,204,https://www.azjobconnection.gov/ada/mn_warn_dsp.cfm?id=194,Life Care Centers of America  ,Cleveland  ,37320  ,7  ,194,2015-04-30
page009.html,205,https://www.azjobconnection.gov/ada/mn_warn_dsp.cfm?id=195,Life Care Centers of America  ,Cleveland  ,37320  ,7  ,195,2015-04-30
page009.html,206,https://www.azjobconnection.gov/ada/mn_warn_dsp.cfm?id=196,Life Care Centers of America  ,Cleveland  ,37320  ,5  ,196,2015-04-30
page009.html,207,https://www.azjobconnection.gov/ada/mn_warn_dsp.cfm?id=197,Life Care Centers of America  ,Cleveland  ,37320  ,7  ,197,2015-04-30
page009.html,208,https://www.azjobconnection.gov/ada/mn_warn_dsp.cfm?id=198,Life Care Centers of America  ,Cleveland  ,37320  ,7  ,198,2015-04-30
page009.html,209,https://www.azjobconnection.gov/ada/mn_warn_dsp.cfm?id=199,Life Care Centers of America  ,Cleveland  ,37320  ,12  ,199,2015-04-30
page009.html,210,https://www.azjobconnection.gov/ada/mn_warn_dsp.cfm?id=200,Life Care Centers of America  ,Cleveland  ,37320  ,6  ,200,2015-04-30
page009.html,211,https://www.azjobconnection.gov/ada/mn_warn_dsp.cfm?id=217,Littler Employment & labor Solutiions Worldwide  ,Atlanta  ,30326  ,7  ,217,2015-08-14
page009.html,212,https://www.azjobconnection.gov/ada/mn_warn_dsp.cfm?id=240,livingsocial  ,Washington  ,20005  ,6  ,240,2016-03-16
page009.html,213,https://www.azjobconnection.gov/ada/mn_warn_dsp.cfm?id=153,Lockheed Martin Corporation Information Systems  ,Boulder  ,80301  ,7  ,153,2014-04-11
page009.html,214,https://www.azjobconnection.gov/ada/mn_warn_dsp.cfm?id=131,Macy'S  ,Mesa  ,85202  ,7  ,131,2014-01-08
page009.html,215,https://www.azjobconnection.gov/ada/mn_warn_dsp.cfm?id=395,"Macy's Credit and Customer Services, Inc.  ",Tempe  ,85281  ,7  ,395,2020-01-06
page009.html,216,https://www.azjobconnection.gov/ada/mn_warn_dsp.cfm?id=119,Magellan  ,Phoenix  ,85034  ,5  ,119,2014-01-27
page009.html,217,https://www.azjobconnection.gov/ada/mn_warn_dsp.cfm?id=143,Magna Cosma pwer Systems  ,Phoenix  ,85043  ,5  ,143,2013-05-20
page009.html,218,https://www.azjobconnection.gov/ada/mn_warn_dsp.cfm?id=222,Management & Training Corporation  ,Centerville  ,84014  ,11  ,222,2015-10-28
page009.html,219,https://www.azjobconnection.gov/ada/mn_warn_dsp.cfm?id=268,Manpower Group  ,Milwaukee  ,53212  ,7  ,268,2017-03-17
page009.html,220,https://www.azjobconnection.gov/ada/mn_warn_dsp.cfm?id=246,ManpowerGroup  ,Milwaukee  ,53212  ,7  ,246,2016-08-04
page009.html,221,https://www.azjobconnection.gov/ada/mn_warn_dsp.cfm?id=397,MAPFRE Insurance - Enterprise Contact Center  ,Gilbert  ,85234  ,7  ,397,2020-01-13
page009.html,222,https://www.azjobconnection.gov/ada/mn_warn_dsp.cfm?id=165,"Marcolin USA, Inc  ",Somerville  ,08876  ,7  ,165,2014-09-30
page009.html,223,https://www.azjobconnection.gov/ada/mn_warn_dsp.cfm?id=173,Margaritaville  ,Orlando  ,32819  ,7  ,173,2014-11-12
page009.html,224,https://www.azjobconnection.gov/ada/mn_warn_dsp.cfm?id=154,Maricopa Integrated Health System (CCC)  ,Phoenix  ,85008  ,5  ,154,2014-04-25
page009.html,225,https://www.azjobconnection.gov/ada/mn_warn_dsp.cfm?id=31,Marketfare Foods  ,Phoenix  ,85034  ,7  ,31,2010-06-11
page010.html,226,https://www.azjobconnection.gov/ada/mn_warn_dsp.cfm?id=283,Marriott  ,Bethesda  ,20817  ,7  ,283,2017-11-29
page010.html,227,https://www.azjobconnection.gov/ada/mn_warn_dsp.cfm?id=294,Marriott  ,Phoenix  ,85004  ,5  ,294,2018-04-03
page010.html,228,https://www.azjobconnection.gov/ada/mn_warn_dsp.cfm?id=186,"Marriott International, Inc.  ",Bethesda  ,20817  ,5  ,186,2015-05-18
page010.html,229,https://www.azjobconnection.gov/ada/mn_warn_dsp.cfm?id=96,"marriott International, Inc.  ",Bethesda  ,20817  ,6  ,96,2012-08-30
page010.html,230,https://www.azjobconnection.gov/ada/mn_warn_dsp.cfm?id=256,Marriott/Starwood Scottsdale Office  ,Scottsdale  ,85254  ,7  ,256,2016-11-29
page010.html,231,https://www.azjobconnection.gov/ada/mn_warn_dsp.cfm?id=221,"Marvell Semiconductor, Inc.  ",Santa Clara  ,94054  ,7  ,221,2015-10-16
page010.html,232,https://www.azjobconnection.gov/ada/mn_warn_dsp.cfm?id=306,Marvell Semiconductors Inc.  ,Chandler  ,85286  ,7  ,306,2018-07-09
page010.html,233,https://www.azjobconnection.gov/ada/mn_warn_dsp.cfm?id=64,MetLife  ,Scottsdale  ,85260  ,7  ,64,2012-05-01
page010.html,234,https://www.azjobconnection.gov/ada/mn_warn_dsp.cfm?id=28,Microsemi Corporation  ,Phoenix  ,85251  ,7  ,28,2010-07-12
page010.html,235,https://www.azjobconnection.gov/ada/mn_warn_dsp.cfm?id=51,Mike Campbell & Associates  ,Phoenix  ,85009  ,7  ,51,2011-07-06
page010.html,236,https://www.azjobconnection.gov/ada/mn_warn_dsp.cfm?id=38,Milgard Windows & Doors  ,Chandler  ,85225  ,7  ,38,2011-10-17
page010.html,237,https://www.azjobconnection.gov/ada/mn_warn_dsp.cfm?id=174,Mineral Park Inc.  ,Golden Valley  ,86413  ,11  ,174,2014-12-29
page010.html,238,https://www.azjobconnection.gov/ada/mn_warn_dsp.cfm?id=87,"Mojave Desert Minerals, LLC  ",Arvada  ,80002  ,11  ,87,2012-07-12
page010.html,239,https://www.azjobconnection.gov/ada/mn_warn_dsp.cfm?id=423,Movement for Life Inc.  ,San Obispo  ,93401  ,6  ,423,2020-03-25
page010.html,240,https://www.azjobconnection.gov/ada/mn_warn_dsp.cfm?id=368,Nestle USA and Nestle Dryers Ice Cream l  ,Phoenix  ,85004  ,5  ,368,2019-08-16
page010.html,241,https://www.azjobconnection.gov/ada/mn_warn_dsp.cfm?id=163,"NewStar Fresh Foods, LLC  ",Salinas  ,93901  ,9  ,163,2014-08-15
page010.html,242,https://www.azjobconnection.gov/ada/mn_warn_dsp.cfm?id=147,"NewStar Fresh Foods, LLC  ",Salinas  ,93901  ,9  ,147,2013-09-06
page010.html,243,https://www.azjobconnection.gov/ada/mn_warn_dsp.cfm?id=144,Northrop Grumman  ,Herndon  ,20171  ,9  ,144,2013-05-24
page010.html,244,https://www.azjobconnection.gov/ada/mn_warn_dsp.cfm?id=406,Northrop Grumman  ,Falls Church  ,22042  ,1  ,406,2020-03-09
page010.html,245,https://www.azjobconnection.gov/ada/mn_warn_dsp.cfm?id=60,"Northrop Grumman Technical Services, Inc.  ",Yuma Proving Ground  ,85365  ,9  ,60,2011-03-01
page010.html,246,https://www.azjobconnection.gov/ada/mn_warn_dsp.cfm?id=23,"O'Reilly Automotive, Inc.  ",Phoenix  ,85043  ,7  ,23,2010-09-09
page010.html,247,https://www.azjobconnection.gov/ada/mn_warn_dsp.cfm?id=65,"O.P.E.N. America, Inc. dba: OpenWorks  ",Phoenix  ,85043  ,7  ,65,2012-05-01
page010.html,248,https://www.azjobconnection.gov/ada/mn_warn_dsp.cfm?id=376,Oakwood Worldwide US LP  ,Phoenix  ,85021  ,5  ,376,2019-10-29
page010.html,249,https://www.azjobconnection.gov/ada/mn_warn_dsp.cfm?id=425,Onni Properties  ,Phoenix  ,85019  ,5  ,425,2020-03-25
page010.html,250,https://www.azjobconnection.gov/ada/mn_warn_dsp.cfm?id=259,OTG Management Tucson LLC  ,Tucson  ,85756  ,6  ,259,2016-12-27
page011.html,251,https://www.azjobconnection.gov/ada/mn_warn_dsp.cfm?id=133,"Ottobock Orthopedic Services , LLC  ",Tempe  ,85282  ,7  ,133,2013-08-01
page011.html,252,https://www.azjobconnection.gov/ada/mn_warn_dsp.cfm?id=17,Palm Harbor Homes  ,Tempe  ,85821  ,7  ,17,2010-11-19
page011.html,253,https://www.azjobconnection.gov/ada/mn_warn_dsp.cfm?id=117,PaperWorks  ,Bala Cynwyd  ,19004  ,5  ,117,2014-01-31
page011.html,254,https://www.azjobconnection.gov/ada/mn_warn_dsp.cfm?id=381,Paradigm Precision  ,Tempe  ,85283  ,7  ,381,2019-11-14
page011.html,255,https://www.azjobconnection.gov/ada/mn_warn_dsp.cfm?id=417,Passport Health  ,Scottsdale  ,85262  ,7  ,417,2020-03-23
page011.html,256,https://www.azjobconnection.gov/ada/mn_warn_dsp.cfm?id=357,Peabody Western Coal Company  ,kayenta  ,86033  ,14  ,357,2019-06-13
page011.html,257,https://www.azjobconnection.gov/ada/mn_warn_dsp.cfm?id=225,"Philidor Rx Services, LLC  ",Hatboro  ,19040  ,5  ,225,2016-01-05
page011.html,258,https://www.azjobconnection.gov/ada/mn_warn_dsp.cfm?id=187,"Philosophy, Inc.  ",Phoenix  ,85034  ,5  ,187,2015-04-17
page011.html,259,https://www.azjobconnection.gov/ada/mn_warn_dsp.cfm?id=188,"Philosophy, Inc.  ",Phoenix  ,85034  ,5  ,188,2015-04-17
page011.html,260,https://www.azjobconnection.gov/ada/mn_warn_dsp.cfm?id=106,Phoenix Children's Hospital  ,Phoenix  ,85016  ,5  ,106,2013-01-29
page011.html,261,https://www.azjobconnection.gov/ada/mn_warn_dsp.cfm?id=435,Phoenix Glendale Renaissance  ,Glendale  ,85305  ,7  ,435,2020-03-26
page011.html,262,https://www.azjobconnection.gov/ada/mn_warn_dsp.cfm?id=411,Pima Valve  ,Chandler  ,85226  ,7  ,411,2020-03-18
page011.html,263,https://www.azjobconnection.gov/ada/mn_warn_dsp.cfm?id=18,Plastican division of BWAY Corporation  ,Phoenix  ,85009  ,7  ,18,2010-11-17
page011.html,264,https://www.azjobconnection.gov/ada/mn_warn_dsp.cfm?id=166,Primary Financial Services  ,Phoenix  ,85013  ,5  ,166,2014-10-06
page011.html,265,https://www.azjobconnection.gov/ada/mn_warn_dsp.cfm?id=182,"Prospect Enterprises, Inc.  ",Los Angeles  ,90021  ,5  ,182,2015-04-27
page011.html,266,https://www.azjobconnection.gov/ada/mn_warn_dsp.cfm?id=19,Pulte Building Services (PBS)  ,Tolleson  ,85353  ,7  ,19,2010-11-12
page011.html,267,https://www.azjobconnection.gov/ada/mn_warn_dsp.cfm?id=412,Punch Bowl social  ,Phoenix  ,85004  ,5  ,412,2020-03-18
page011.html,268,https://www.azjobconnection.gov/ada/mn_warn_dsp.cfm?id=202,Quality Care Network  ,Phoenix  ,85034  ,5  ,202,2015-07-28
page011.html,269,https://www.azjobconnection.gov/ada/mn_warn_dsp.cfm?id=346,Radisson Suites Hotel Tucson  ,Tucson  ,85710  ,6  ,346,2019-03-29
page011.html,270,https://www.azjobconnection.gov/ada/mn_warn_dsp.cfm?id=345,Raytheon  ,Sierra Vista  ,85635  ,1  ,345,2019-03-28
page011.html,271,https://www.azjobconnection.gov/ada/mn_warn_dsp.cfm?id=355,Raytheon Company  ,Sierra Vista  ,85635  ,1  ,355,2019-06-06
page011.html,272,https://www.azjobconnection.gov/ada/mn_warn_dsp.cfm?id=56,Republic National Distributing Company  ,Phoenix  ,85043  ,7  ,56,2011-05-27
page011.html,273,https://www.azjobconnection.gov/ada/mn_warn_dsp.cfm?id=250,RICOH USA Inc.  ,Malvem  ,19355  ,7  ,250,2016-09-01
page011.html,274,https://www.azjobconnection.gov/ada/mn_warn_dsp.cfm?id=142,River Ranch  ,Salinas  ,93901  ,9  ,142,2013-09-13
page011.html,275,https://www.azjobconnection.gov/ada/mn_warn_dsp.cfm?id=410,Roadhouse cinemas  ,Tucson  ,85712  ,6  ,410,2020-03-18
page012.html,276,https://www.azjobconnection.gov/ada/mn_warn_dsp.cfm?id=59,Robb & Stucky Limited LLLP  ,Scottsdale  ,85254  ,7  ,59,2011-03-09
page012.html,277,https://www.azjobconnection.gov/ada/mn_warn_dsp.cfm?id=279,Rockwell collins  ,Tucson  ,85710  ,6  ,279,2017-10-19
page012.html,278,https://www.azjobconnection.gov/ada/mn_warn_dsp.cfm?id=293,Rockwell Collins  ,Tucson  ,85710  ,6  ,293,2018-03-26
page012.html,279,https://www.azjobconnection.gov/ada/mn_warn_dsp.cfm?id=273,"Royal Remanufacturing, LLC  ",St. Louis  ,63124  ,7  ,273,2017-04-25
page012.html,280,https://www.azjobconnection.gov/ada/mn_warn_dsp.cfm?id=164,Rural Metro  ,Scottsdale  ,85258  ,7  ,164,2014-08-27
page012.html,281,https://www.azjobconnection.gov/ada/mn_warn_dsp.cfm?id=184,Safeway  ,Phoenix  ,85072  ,2  ,184,2015-05-04
page012.html,282,https://www.azjobconnection.gov/ada/mn_warn_dsp.cfm?id=185,Safeway  ,Phoenix  ,85072  ,7  ,185,2015-05-04
page012.html,283,https://www.azjobconnection.gov/ada/mn_warn_dsp.cfm?id=322,Safeway #1985  ,Tucson  ,85742  ,6  ,322,2019-01-04
page012.html,284,https://www.azjobconnection.gov/ada/mn_warn_dsp.cfm?id=372,Safeway #2676  ,Mesa  ,85209  ,7  ,372,2019-10-18
page012.html,285,https://www.azjobconnection.gov/ada/mn_warn_dsp.cfm?id=359,Safeway 1126  ,Scottsdale  ,85259  ,7  ,359,2019-06-21
page012.html,286,https://www.azjobconnection.gov/ada/mn_warn_dsp.cfm?id=305,Safeway 1202  ,Phoenix  ,85022  ,5  ,305,2018-06-18
page012.html,287,https://www.azjobconnection.gov/ada/mn_warn_dsp.cfm?id=349,Safeway 1567  ,Mesa  ,85213  ,7  ,349,2019-04-26
page012.html,288,https://www.azjobconnection.gov/ada/mn_warn_dsp.cfm?id=304,Safeway 1636  ,Glendale  ,85306  ,7  ,304,2018-06-18
page012.html,289,https://www.azjobconnection.gov/ada/mn_warn_dsp.cfm?id=427,Sam Levits  ,Tucson  ,85705  ,6  ,427,2020-03-25
page012.html,290,https://www.azjobconnection.gov/ada/mn_warn_dsp.cfm?id=285,Sams Club  ,Chandler  ,85225  ,7  ,285,2018-01-11
page012.html,291,https://www.azjobconnection.gov/ada/mn_warn_dsp.cfm?id=286,Sams Club  ,Casa Grande  ,85122  ,2  ,286,2018-01-11
page012.html,292,https://www.azjobconnection.gov/ada/mn_warn_dsp.cfm?id=287,Sams Club  ,Prescott Valley  ,86314  ,12  ,287,2018-01-11
page012.html,293,https://www.azjobconnection.gov/ada/mn_warn_dsp.cfm?id=288,Sams Club  ,Scottsdale  ,85251  ,7  ,288,2018-01-11
page012.html,294,https://www.azjobconnection.gov/ada/mn_warn_dsp.cfm?id=139,SB Capital Acquistion LLC  ,Columbus  ,43219  ,7  ,139,2013-09-30
page012.html,295,https://www.azjobconnection.gov/ada/mn_warn_dsp.cfm?id=275,"SCA Tissue NA, LLC  ",Flagstaff  ,86001  ,10  ,275,2017-06-08
page012.html,296,https://www.azjobconnection.gov/ada/mn_warn_dsp.cfm?id=8,SCAN Health Plan Arizona  ,Phoenix  ,85014  ,7  ,8,2012-02-29
page012.html,297,https://www.azjobconnection.gov/ada/mn_warn_dsp.cfm?id=41,"Schenker, Inc.  ",Phoenix  ,85040  ,7  ,41,2011-09-16
page012.html,298,https://www.azjobconnection.gov/ada/mn_warn_dsp.cfm?id=296,Schletter Inc.  ,Shelby  ,28150  ,6  ,296,2018-04-25
page012.html,299,https://www.azjobconnection.gov/ada/mn_warn_dsp.cfm?id=7,Schuff Steel Company  ,Gilbert  ,85233  ,7  ,7,2012-02-24
page012.html,300,https://www.azjobconnection.gov/ada/mn_warn_dsp.cfm?id=316,Sears Tempe Call Center  ,Tempe  ,85284  ,7  ,316,2018-10-01
page013.html,301,https://www.azjobconnection.gov/ada/mn_warn_dsp.cfm?id=245,Select Medical Corporation  ,Mechanicsburg  ,17055  ,7  ,245,2016-08-03
page013.html,302,https://www.azjobconnection.gov/ada/mn_warn_dsp.cfm?id=53,"Semiconductor Component Industries, LLC dba ON Sem  ",Phoenix  ,85008  ,7  ,53,2011-06-03
page013.html,303,https://www.azjobconnection.gov/ada/mn_warn_dsp.cfm?id=45,"ShelterClean of Arizona, Inc.  ",Phoenix  ,85034  ,7  ,45,2011-08-15
page013.html,304,https://www.azjobconnection.gov/ada/mn_warn_dsp.cfm?id=158,Sodexo  ,Gilbert  ,85295  ,7  ,158,2014-07-30
page013.html,305,https://www.azjobconnection.gov/ada/mn_warn_dsp.cfm?id=325,Sodexo  ,Phoenix  ,85034  ,5  ,325,2019-01-18
page013.html,306,https://www.azjobconnection.gov/ada/mn_warn_dsp.cfm?id=44,SOLON Corporation  ,Tucson  ,85756  ,6  ,44,2011-08-15
page013.html,307,https://www.azjobconnection.gov/ada/mn_warn_dsp.cfm?id=317,Southwest Key Programs Inc.  ,Austin  ,78721  ,7  ,317,2018-10-31
page013.html,308,https://www.azjobconnection.gov/ada/mn_warn_dsp.cfm?id=318,Southwest Key Programs Inc.  ,Austin  ,78721  ,5  ,318,2018-10-31
page013.html,309,https://www.azjobconnection.gov/ada/mn_warn_dsp.cfm?id=347,Spectra -Blue Water Resort & Casino  ,Parker  ,85344  ,11  ,347,2019-04-01
page013.html,310,https://www.azjobconnection.gov/ada/mn_warn_dsp.cfm?id=340,Spectrum Pharmaceuticals  ,Henderson  ,89052  ,7  ,340,2019-03-01
page013.html,311,https://www.azjobconnection.gov/ada/mn_warn_dsp.cfm?id=104,SSI  ,Shelton  ,06484  ,2  ,104,2012-12-18
page013.html,312,https://www.azjobconnection.gov/ada/mn_warn_dsp.cfm?id=373,St Luke's Medical Center  ,Phoenix  ,85006  ,5  ,373,2019-10-25
page013.html,313,https://www.azjobconnection.gov/ada/mn_warn_dsp.cfm?id=201,Staples  ,Framingham  ,07102  ,7  ,201,2015-06-26
page013.html,314,https://www.azjobconnection.gov/ada/mn_warn_dsp.cfm?id=420,Sub-Zero Group Inc  ,Goodyear  ,85340  ,7  ,420,2020-03-20
page013.html,315,https://www.azjobconnection.gov/ada/mn_warn_dsp.cfm?id=276,Suddenlink Communications  ,Lake Havasu  ,86403  ,11  ,276,2017-08-03
page013.html,316,https://www.azjobconnection.gov/ada/mn_warn_dsp.cfm?id=54,"Superior Technical Resources, Inc.  ",Phoenix  ,85008  ,7  ,54,2011-06-02
page013.html,317,https://www.azjobconnection.gov/ada/mn_warn_dsp.cfm?id=50,Supervalu Logistics  ,Phoenix  ,85043  ,7  ,50,2011-07-12
page013.html,318,https://www.azjobconnection.gov/ada/mn_warn_dsp.cfm?id=424,Surprise Honda  ,Surprise  ,85388  ,7  ,424,2020-03-25
page013.html,319,https://www.azjobconnection.gov/ada/mn_warn_dsp.cfm?id=438,Surprise Honda  ,Surprise  ,85388  ,7  ,438,2020-03-24
page013.html,320,https://www.azjobconnection.gov/ada/mn_warn_dsp.cfm?id=3,"SYKES Enterprises, Incorporated  ",Nogales  ,85621  ,8  ,3,2012-01-24
page013.html,321,https://www.azjobconnection.gov/ada/mn_warn_dsp.cfm?id=334,Systems Solutions of Kentucky  ,Goodyear  ,85395  ,7  ,334,2019-02-19
page013.html,322,https://www.azjobconnection.gov/ada/mn_warn_dsp.cfm?id=439,Tanque Verde Ranch  ,Tucson  ,85748  ,6  ,439,2020-03-27
page013.html,323,https://www.azjobconnection.gov/ada/mn_warn_dsp.cfm?id=140,Target  ,Tempe  ,85284  ,7  ,140,2013-11-04
page013.html,324,https://www.azjobconnection.gov/ada/mn_warn_dsp.cfm?id=339,Target Corporation  ,Tucson  ,85711  ,6  ,339,2019-03-01
page013.html,325,https://www.azjobconnection.gov/ada/mn_warn_dsp.cfm?id=35,"TCIM Services, Inc.  ",Tucson  ,85705  ,6  ,35,2011-11-01
page014.html,326,https://www.azjobconnection.gov/ada/mn_warn_dsp.cfm?id=277,TENET Healthcare Corp.  ,Phoenix  ,85020  ,5  ,277,2019-03-04
page014.html,327,https://www.azjobconnection.gov/ada/mn_warn_dsp.cfm?id=326,Tesla  ,Phoenix  ,85040  ,7  ,326,2019-01-29
page014.html,328,https://www.azjobconnection.gov/ada/mn_warn_dsp.cfm?id=90,The Apache Railway Company Inc.  ,Snowflake  ,85937  ,14  ,90,2012-07-30
page014.html,329,https://www.azjobconnection.gov/ada/mn_warn_dsp.cfm?id=105,"The Cheesecake Factory. Grand Lux Cafe, LLC  ",Calabasas Hills  ,91301  ,7  ,105,2013-01-17
page014.html,330,https://www.azjobconnection.gov/ada/mn_warn_dsp.cfm?id=10,"The Great Indoors #1901  ",Scottsdale  ,85254  ,7  ,10,2012-04-18
page014.html,331,https://www.azjobconnection.gov/ada/mn_warn_dsp.cfm?id=11,The Great Indoors #1913  ,Chandler  ,85226  ,7  ,11,2012-04-18
page014.html,332,https://www.azjobconnection.gov/ada/mn_warn_dsp.cfm?id=254,Theranos  ,scottsdale  ,85257  ,7  ,254,2016-10-06
page014.html,333,https://www.azjobconnection.gov/ada/mn_warn_dsp.cfm?id=251,Theranos  ,Palo Alto  ,94304  ,7  ,251,2016-10-06
page014.html,334,https://www.azjobconnection.gov/ada/mn_warn_dsp.cfm?id=46,"THQ, Inc. Digital Studio Phoenix  ",Phoenix  ,85016  ,7  ,46,2011-08-08
page014.html,335,https://www.azjobconnection.gov/ada/mn_warn_dsp.cfm?id=88,"THQ, Inc.  ",Agoura Hills  ,91301  ,5  ,88,2012-07-19
page014.html,336,https://www.azjobconnection.gov/ada/mn_warn_dsp.cfm?id=170,Thunderbird School of Global Management  ,Glendale  ,85306  ,5  ,170,2014-10-09
page014.html,337,https://www.azjobconnection.gov/ada/mn_warn_dsp.cfm?id=398,TMI Acquisitions LLC  ,Tucson  ,85713  ,6  ,398,2020-01-10
page014.html,338,https://www.azjobconnection.gov/ada/mn_warn_dsp.cfm?id=177,Todds (Div of H.J. Heinz Co. L.P.  ,Phoenix  ,85043  ,5  ,177,2015-04-01
page014.html,339,https://www.azjobconnection.gov/ada/mn_warn_dsp.cfm?id=403,Transportation Brokerage Specialists Inc (TBS)  ,Costa Mesa  ,92626  ,7  ,403,2020-02-20
page014.html,340,https://www.azjobconnection.gov/ada/mn_warn_dsp.cfm?id=404,Transportation Brokerage Specialists Inc (TBS)  ,Costa Mesa  ,92626  ,7  ,404,2020-02-20
page014.html,341,https://www.azjobconnection.gov/ada/mn_warn_dsp.cfm?id=176,"Transworld Systems, Inc (TSI)  ",Phoenix  ,85027  ,5  ,176,2015-03-26
page014.html,342,https://www.azjobconnection.gov/ada/mn_warn_dsp.cfm?id=102,TriWest Healthcare Alliance  ,Phoenix  ,85053  ,5  ,102,2012-12-10
page014.html,343,https://www.azjobconnection.gov/ada/mn_warn_dsp.cfm?id=157,TRX Managment LLCdba Zona Hotel & Suites  ,Scottsdale  ,85255  ,7  ,157,2014-06-20
page014.html,344,https://www.azjobconnection.gov/ada/mn_warn_dsp.cfm?id=298,TSI corporation  ,Las Vegas  ,89106  ,7  ,298,2018-05-29
page014.html,345,https://www.azjobconnection.gov/ada/mn_warn_dsp.cfm?id=436,Tucson Marriott University park  ,Tucson  ,85719  ,6  ,436,2020-03-26
page014.html,346,https://www.azjobconnection.gov/ada/mn_warn_dsp.cfm?id=321,Turn-Key Solutions  ,Glendale  ,85306  ,7  ,321,2018-11-20
page014.html,347,https://www.azjobconnection.gov/ada/mn_warn_dsp.cfm?id=299,UBER  ,Tempe  ,85281  ,7  ,299,2018-05-29
page014.html,348,https://www.azjobconnection.gov/ada/mn_warn_dsp.cfm?id=320,Ulta Beauty  ,Phoenix  ,85043  ,5  ,320,2018-11-13
page014.html,349,https://www.azjobconnection.gov/ada/mn_warn_dsp.cfm?id=178,United Recovery systems  ,Houston  ,77072  ,7  ,178,2015-03-31
page014.html,350,https://www.azjobconnection.gov/ada/mn_warn_dsp.cfm?id=280,Unitedhealth Group  ,Phoenix  ,85021  ,5  ,280,2017-11-02
page015.html,351,https://www.azjobconnection.gov/ada/mn_warn_dsp.cfm?id=155,"US Airways, Inc.  ",Phoenix  ,85034  ,7  ,155,2014-04-07
page015.html,352,https://www.azjobconnection.gov/ada/mn_warn_dsp.cfm?id=34,UTi Intergrated Logistics  ,Phoenix  ,85043  ,7  ,34,2011-12-12
page015.html,353,https://www.azjobconnection.gov/ada/mn_warn_dsp.cfm?id=374,Valassis  ,Phoenix  ,86034  ,5  ,374,2019-10-23
page015.html,354,https://www.azjobconnection.gov/ada/mn_warn_dsp.cfm?id=100,Valeant Pharmaceuticals North America LLC  ,Bridgewater  ,08807  ,7  ,100,2012-12-10
page015.html,355,https://www.azjobconnection.gov/ada/mn_warn_dsp.cfm?id=362,viant Medical LLC  ,Tempe  ,85282  ,7  ,362,2019-07-25
page015.html,356,https://www.azjobconnection.gov/ada/mn_warn_dsp.cfm?id=42,"Video Monitoring Services of America, LP  ",Tucson  ,85711  ,6  ,42,2011-08-26
page015.html,357,https://www.azjobconnection.gov/ada/mn_warn_dsp.cfm?id=241,Vitron manufacturing solutions  ,Phoenix  ,85053  ,5  ,241,2016-01-06
page015.html,358,https://www.azjobconnection.gov/ada/mn_warn_dsp.cfm?id=4,VT Services  ,Ft. Huachuca  ,85613  ,1  ,4,2012-01-31
page015.html,359,https://www.azjobconnection.gov/ada/mn_warn_dsp.cfm?id=62,Vulcan Materials Company  ,Laveen  ,85339  ,7  ,62,2011-03-18
page015.html,360,https://www.azjobconnection.gov/ada/mn_warn_dsp.cfm?id=101,"VWR International, Rodnor Corporate Center  ",Radnor  ,19087  ,7  ,101,2012-12-17
page015.html,361,https://www.azjobconnection.gov/ada/mn_warn_dsp.cfm?id=168,Walgreen Co.  ,Flagstaff  ,86004  ,10  ,168,2014-10-20
page015.html,362,https://www.azjobconnection.gov/ada/mn_warn_dsp.cfm?id=356,Walmart  ,Tempe  ,85281  ,7  ,356,2019-06-12
page015.html,363,https://www.azjobconnection.gov/ada/mn_warn_dsp.cfm?id=223,Walter Investment Managment Corp  ,Jacksonville  ,32202  ,7  ,223,2015-10-28
page015.html,364,https://www.azjobconnection.gov/ada/mn_warn_dsp.cfm?id=327,Web.com group Inc  ,jacksonville  ,32258  ,7  ,327,2019-02-01
page015.html,365,https://www.azjobconnection.gov/ada/mn_warn_dsp.cfm?id=5,Wells Fargo  ,Chandler  ,85286  ,7  ,5,2012-03-26
page015.html,366,https://www.azjobconnection.gov/ada/mn_warn_dsp.cfm?id=360,Wells Fargo  ,Charlotte  ,28215  ,7  ,360,2019-07-18
page015.html,367,https://www.azjobconnection.gov/ada/mn_warn_dsp.cfm?id=333,Western Refining  ,Tempe  ,85281  ,7  ,333,2019-04-10
page015.html,368,https://www.azjobconnection.gov/ada/mn_warn_dsp.cfm?id=291,Western Refining  ,San Antonio  ,78259  ,7  ,291,2018-02-28
page015.html,369,https://www.azjobconnection.gov/ada/mn_warn_dsp.cfm?id=25,Whirlaway Corporation  ,Tempe  ,85282  ,7  ,25,2010-08-10
page015.html,370,https://www.azjobconnection.gov/ada/mn_warn_dsp.cfm?id=264,Whole Foods  ,Phoenix  ,85028  ,5  ,264,2017-02-10
page015.html,371,https://www.azjobconnection.gov/ada/mn_warn_dsp.cfm?id=110,"William Dale Young & Sons, Inc., Cocopah Nurseries  ",Dateland  ,85222  ,9  ,110,2013-03-11
page015.html,372,https://www.azjobconnection.gov/ada/mn_warn_dsp.cfm?id=98,"Wyndam Vaction ownerhsip, Inc. (Company)  ",Orlando  ,32819  ,7  ,98,2012-11-07
page015.html,373,https://www.azjobconnection.gov/ada/mn_warn_dsp.cfm?id=22,Xanodyne Pharamaceuticals  ,Gilbert  ,85007  ,7  ,22,2010-09-21
page015.html,374,https://www.azjobconnection.gov/ada/mn_warn_dsp.cfm?id=172,Xanterra L.L.C.  ,Grand Canyon  ,86023  ,10  ,172,2014-10-29
page015.html,375,https://www.azjobconnection.gov/ada/mn_warn_dsp.cfm?id=281,Xchange Leasing LLC (XCL)  ,Phoenix  ,85012  ,5  ,281,2017-10-31
page016.html,376,https://www.azjobconnection.gov/ada/mn_warn_dsp.cfm?id=263,Zenefits  ,San Francisco  ,94107  ,7  ,263,2017-02-09
page016.html,377,https://www.azjobconnection.gov/ada/mn_warn_dsp.cfm?id=183,Zenith Education Group  ,Tampa  ,33610  ,7  ,183,2015-04-27
page016.html,378,https://www.azjobconnection.gov/ada/mn_warn_dsp.cfm?id=15,ZipRealty  ,Phoenix  ,85018  ,7  ,15,2010-11-29
page016.html,379,https://www.azjobconnection.gov/ada/mn_warn_dsp.cfm?id=239,ZMC  ,Scottsdale  ,85258  ,7  ,239,2016-05-02
