id,results_page,page_name,full_link,company,co_hq_city,co_hq_state,co_hq_zip,labor_area,notice_date,num_employees_affected,other_notes
481,page001.html,id=481,https://www.azjobconnection.gov/ada/mn_warn_dsp.cfm?id=481,"Flying Food Group, LLC  ",Phoenix  ,AZ,85003  ,5  ,2020-04-10,96,
479,page001.html,id=479,https://www.azjobconnection.gov/ada/mn_warn_dsp.cfm?id=479,Prospect  ,Phoenix  ,AZ,85034  ,7  ,2020-04-09,154,Layoff due to COVID-19
480,page001.html,id=480,https://www.azjobconnection.gov/ada/mn_warn_dsp.cfm?id=480,Yelp  ,Scottsdale  ,AZ,85251  ,7  ,2020-04-09,375,Layoff due to COVID-19
476,page001.html,id=476,https://www.azjobconnection.gov/ada/mn_warn_dsp.cfm?id=476,Suit Supply  ,Scottsdale  ,AZ,85254  ,7  ,2020-04-08,9,Temporary Furlough
477,page001.html,id=477,https://www.azjobconnection.gov/ada/mn_warn_dsp.cfm?id=477,Medieval Times Dinner & Tournament  ,Scottsdale  ,AZ,85258  ,7  ,2020-04-08,195,Layoffs are associated to COVID-19
478,page001.html,id=478,https://www.azjobconnection.gov/ada/mn_warn_dsp.cfm?id=478,Avis Budget  ,Phoenix  ,AZ,85034  ,5  ,2020-04-08,85,Layoff associated with COVID-19
467,page001.html,id=467,https://www.azjobconnection.gov/ada/mn_warn_dsp.cfm?id=467,Cocopah indian Tribe  ,Somerton  ,AZ,85350  ,9  ,2020-04-07,86,"Services provided by Rapid Response team
Rapid Response Information
Dislocated Worker Program Information
One Stop Center Services
Employees are expected to be called back; however, no set date.
UI Information
Possible Virtual Presentation"
468,page001.html,id=468,https://www.azjobconnection.gov/ada/mn_warn_dsp.cfm?id=468,Cocopah Casino and Resort  ,Somerton  ,AZ,85350  ,9  ,2020-04-07,70,COVID-19 effected
469,page001.html,id=469,https://www.azjobconnection.gov/ada/mn_warn_dsp.cfm?id=469,Mind Body  ,Scottsdale  ,AZ,85257  ,7  ,2020-04-07,91,Layoff is associated to COVID-19
470,page001.html,id=470,https://www.azjobconnection.gov/ada/mn_warn_dsp.cfm?id=470,Wild River Family Entertainment Center  ,Somerton  ,AZ,85350  ,9  ,2020-04-07,35,COVID-19 effected
471,page001.html,id=471,https://www.azjobconnection.gov/ada/mn_warn_dsp.cfm?id=471,Cocopah Bend RV Resort and Golf  ,Yuma  ,AZ,85364  ,9  ,2020-04-07,32,COVID-19 Effected
472,page001.html,id=472,https://www.azjobconnection.gov/ada/mn_warn_dsp.cfm?id=472,Estrellita Child Care center  ,San Luis  ,AZ,85336  ,9  ,2020-04-07,4,COVID-19 Effected
473,page001.html,id=473,https://www.azjobconnection.gov/ada/mn_warn_dsp.cfm?id=473,Taylor farms  ,Salinas  ,CA,93902  ,9  ,2020-04-07,407,COVID-19 Effected
474,page001.html,id=474,https://www.azjobconnection.gov/ada/mn_warn_dsp.cfm?id=474,Alsco  ,Yuma  ,AZ,85365  ,9  ,2020-04-07,26,COVID-19 Effected
475,page001.html,id=475,https://www.azjobconnection.gov/ada/mn_warn_dsp.cfm?id=475,"IHG-Army Hotels, candlewood Suites  ",Yuma Proving grounds  ,AZ,85365  ,9  ,2020-04-07,8,COVID-19 Effected
460,page001.html,id=460,https://www.azjobconnection.gov/ada/mn_warn_dsp.cfm?id=460,Benihana Scottsdale  ,Scottsdale  ,AZ,85254  ,7  ,2020-04-05,53,COVID-19 Effected
461,page001.html,id=461,https://www.azjobconnection.gov/ada/mn_warn_dsp.cfm?id=461,Benihana Chandler  ,Chandler  ,AZ,85226  ,7  ,2020-04-05,49,COVID-19 Effected
462,page001.html,id=462,https://www.azjobconnection.gov/ada/mn_warn_dsp.cfm?id=462,Benihana Mid town  ,Scottsdale  ,AZ,85251  ,7  ,2020-04-05,52,COVID-19 Effected
463,page001.html,id=463,https://www.azjobconnection.gov/ada/mn_warn_dsp.cfm?id=463,Benihana Ahwatukee  ,Phoenix  ,AZ,85044  ,7  ,2020-04-05,26,COVID-19 Effected
464,page001.html,id=464,https://www.azjobconnection.gov/ada/mn_warn_dsp.cfm?id=464,Sushi Tucson  ,Tucson  ,AZ,85717  ,6  ,2020-04-05,43,COVID-19 Effected
465,page001.html,id=465,https://www.azjobconnection.gov/ada/mn_warn_dsp.cfm?id=465,RA Mesa Corp  ,Mesa  ,AZ,85204  ,6  ,2020-04-05,40,COVID-19 Effected
466,page001.html,id=466,https://www.azjobconnection.gov/ada/mn_warn_dsp.cfm?id=466,RA Kierland Restaurant  ,Scottsdale  ,AZ,85254  ,6  ,2020-04-05,44,COVID-19 Effected
454,page001.html,id=454,https://www.azjobconnection.gov/ada/mn_warn_dsp.cfm?id=454,civana  ,Carefree  ,AZ,85377  ,7  ,2020-04-03,176,COVID-19 effected
455,page001.html,id=455,https://www.azjobconnection.gov/ada/mn_warn_dsp.cfm?id=455,civana  ,Carefree  ,AZ,85377  ,7  ,2020-04-03,176,COVID-19 Effect
456,page001.html,id=456,https://www.azjobconnection.gov/ada/mn_warn_dsp.cfm?id=456,L'Auberge de Sedona  ,Sedona  ,AZ,85600  ,10  ,2020-04-03,147,COVID-19 Effected
457,page002.html,id=457,https://www.azjobconnection.gov/ada/mn_warn_dsp.cfm?id=457,The Orchards  ,Sedona  ,AZ,85600  ,10  ,2020-04-03,50,COVID-19 Effected
453,page002.html,id=453,https://www.azjobconnection.gov/ada/mn_warn_dsp.cfm?id=453,Cinemark  ,Tucson  ,AZ,85713  ,6  ,2020-04-01,292,"COVID - 19
2175 El Mercado, SV
1051 N Dobson, Mesa
3601 E. Broadway Tucson
5870 E Broadway, Tucson
770 N. Kolb, Tucson
12155 N Oracle, Oracle Valley
1300 E Tucson Marketplace, Tucson"
452,page002.html,id=452,https://www.azjobconnection.gov/ada/mn_warn_dsp.cfm?id=452,SAS Restaurant Ventures (Denny's)  ,Phoenix  ,AZ,85022  ,5  ,2020-03-31,304,"825 S. 48th St, Tempe
9160 E. Talking Stick Blvd, Scottsdale
3160 W. Carefree Hwy, Phx
20995 E. Rittenhouse Rd, Queen Creek
2120 E. Cactus Rd, Phix
4121 W. Anthem Way, Phx
9856 W. Camelback Rd, Glendale
6700 W. Latham, Phx
441 S. Watson Rd, Buckeye
1758 W. Hunt HWY, San Tan Valley"
441,page002.html,id=441,https://www.azjobconnection.gov/ada/mn_warn_dsp.cfm?id=441,Holiday Inn Hotels  ,Yuma  ,AZ,85364  ,9  ,2020-03-31,21,COVID-19 effected
442,page002.html,id=442,https://www.azjobconnection.gov/ada/mn_warn_dsp.cfm?id=442,McCormick Scottsdale  ,Scottsdale  ,AZ,85253  ,7  ,2020-03-30,65,COVID-19 effected
447,page002.html,id=447,https://www.azjobconnection.gov/ada/mn_warn_dsp.cfm?id=447,Great Wolf Lodge  ,Scottsdale  ,AZ,85258  ,7  ,2020-03-30,312,Covid-19 effected
451,page002.html,id=451,https://www.azjobconnection.gov/ada/mn_warn_dsp.cfm?id=451,Specialty Textile  ,Phoenix  ,AZ,85007  ,5  ,2020-03-30,176,COVID-19 effected
448,page002.html,id=448,https://www.azjobconnection.gov/ada/mn_warn_dsp.cfm?id=448,Ahern Rentals Inc.  ,Phoenix  ,AZ,85006  ,5  ,2020-03-28,2,COVID-19
450,page002.html,id=450,https://www.azjobconnection.gov/ada/mn_warn_dsp.cfm?id=450,Residence Inn/Courtyard Phoenix Downtown  ,Phoenix  ,AZ,85004  ,5  ,2020-03-27,67,COVID-19 Effected
458,page002.html,id=458,https://www.azjobconnection.gov/ada/mn_warn_dsp.cfm?id=458,Taylor Farms  ,Yuma  ,AZ,85666  ,9  ,2020-03-27,407,COVID-19 Effected
444,page002.html,id=444,https://www.azjobconnection.gov/ada/mn_warn_dsp.cfm?id=444,Saddle Ranch Chop House  ,Glendale  ,AZ,85305  ,7  ,2020-03-27,84,COVID-19 Effected
445,page002.html,id=445,https://www.azjobconnection.gov/ada/mn_warn_dsp.cfm?id=445,Zip Recruiter  ,Santa Monica  ,CA,90401  ,7  ,2020-03-27,314,COVID-19 effected
446,page002.html,id=446,https://www.azjobconnection.gov/ada/mn_warn_dsp.cfm?id=446,Papersource  ,Pheonix  ,AZ,85016  ,5  ,2020-03-27,10,
437,page002.html,id=437,https://www.azjobconnection.gov/ada/mn_warn_dsp.cfm?id=437,Drive Time  ,Phoenix  ,AZ,85040  ,5  ,2020-03-27,54,COVID-19 Effected
439,page002.html,id=439,https://www.azjobconnection.gov/ada/mn_warn_dsp.cfm?id=439,Tanque Verde Ranch  ,Tucson  ,AZ,85748  ,6  ,2020-03-27,147,COVID-19
435,page002.html,id=435,https://www.azjobconnection.gov/ada/mn_warn_dsp.cfm?id=435,Phoenix Glendale Renaissance  ,Glendale  ,AZ,85305  ,7  ,2020-03-26,140,COVID-19 effects
436,page002.html,id=436,https://www.azjobconnection.gov/ada/mn_warn_dsp.cfm?id=436,Tucson Marriott University park  ,Tucson  ,AZ,85719  ,6  ,2020-03-26,86,COVID-19 effects
423,page002.html,id=423,https://www.azjobconnection.gov/ada/mn_warn_dsp.cfm?id=423,Movement for Life Inc.  ,San Obispo  ,CA,93401  ,6  ,2020-03-25,22,COVID-19
424,page002.html,id=424,https://www.azjobconnection.gov/ada/mn_warn_dsp.cfm?id=424,Surprise Honda  ,Surprise  ,AZ,85388  ,7  ,2020-03-25,16,COVID-19
425,page002.html,id=425,https://www.azjobconnection.gov/ada/mn_warn_dsp.cfm?id=425,Onni Properties  ,Phoenix  ,AZ,85019  ,5  ,2020-03-25,240,COVID-19
427,page002.html,id=427,https://www.azjobconnection.gov/ada/mn_warn_dsp.cfm?id=427,Sam Levits  ,Tucson  ,AZ,85705  ,6  ,2020-03-25,628,COVID-19
433,page002.html,id=433,https://www.azjobconnection.gov/ada/mn_warn_dsp.cfm?id=433,Best Western Hotels & Resorts  ,Phoenix  ,AZ,85016  ,5  ,2020-03-25,31,COVID-19 effects
449,page002.html,id=449,https://www.azjobconnection.gov/ada/mn_warn_dsp.cfm?id=449,Pappas Restaurants  ,Phoenix  ,AZ,85003  ,5  ,2020-03-25,180,COVID-19 effected
438,page002.html,id=438,https://www.azjobconnection.gov/ada/mn_warn_dsp.cfm?id=438,Surprise Honda  ,Surprise  ,AZ,85388  ,7  ,2020-03-24,16,COVID-19 effected
443,page002.html,id=443,https://www.azjobconnection.gov/ada/mn_warn_dsp.cfm?id=443,King's Seafood Company LLC  ,Tempe  ,AZ,85281  ,7  ,2020-03-24,50,COVID-19 effected
421,page003.html,id=421,https://www.azjobconnection.gov/ada/mn_warn_dsp.cfm?id=421,International Cruise & Excursion Gallery  ,Scottsdale  ,AZ,85256  ,7  ,2020-03-24,203,COVID-19 effect
422,page003.html,id=422,https://www.azjobconnection.gov/ada/mn_warn_dsp.cfm?id=422,"Cameron Mitchell Restaurants, LLC  ",Columbus  ,OH,85054  ,5  ,2020-03-24,75,Affected by COVID-19
416,page003.html,id=416,https://www.azjobconnection.gov/ada/mn_warn_dsp.cfm?id=416,Go Rentals  ,Newport  ,CA,92660  ,7  ,2020-03-23,275,COVID-19 effect
417,page003.html,id=417,https://www.azjobconnection.gov/ada/mn_warn_dsp.cfm?id=417,Passport Health  ,Scottsdale  ,AZ,85262  ,7  ,2020-03-23,65,COVID-19 effect
418,page003.html,id=418,https://www.azjobconnection.gov/ada/mn_warn_dsp.cfm?id=418,Denny's (Beshay Enterprises)  ,Murrieta  ,CA,92562  ,2003  ,2020-03-23,63,covid- 19
419,page003.html,id=419,https://www.azjobconnection.gov/ada/mn_warn_dsp.cfm?id=419,Islands Restaurants  ,Phoenix  ,AZ,85050  ,7  ,2020-03-23,250,COVID-19 effect
428,page003.html,id=428,https://www.azjobconnection.gov/ada/mn_warn_dsp.cfm?id=428,Denny's (Beshay Enterprises)  ,Murrieta  ,CA,92562  ,5  ,2020-03-23,66,COVID-19 effects
429,page003.html,id=429,https://www.azjobconnection.gov/ada/mn_warn_dsp.cfm?id=429,Denny's (Beshay Enterprises)  ,Murrieta  ,CA,92562  ,5  ,2020-03-23,65,COVID-19 effects
430,page003.html,id=430,https://www.azjobconnection.gov/ada/mn_warn_dsp.cfm?id=430,Denny's (Beshay Enterprises)  ,Murrieta  ,CA,92562  ,5  ,2020-03-23,49,COVID-19 effects
431,page003.html,id=431,https://www.azjobconnection.gov/ada/mn_warn_dsp.cfm?id=431,Denny's (Beshay Enterprises)  ,Murrieta  ,CA,92562  ,5  ,2020-03-23,62,COVID-19 effects
432,page003.html,id=432,https://www.azjobconnection.gov/ada/mn_warn_dsp.cfm?id=432,Denny's (Beshay Enterprises)  ,Murrieta  ,CA,92562  ,5  ,2020-03-23,54,COVID-19 effects
414,page003.html,id=414,https://www.azjobconnection.gov/ada/mn_warn_dsp.cfm?id=414,Ares Collective Restaurants  ,Tucson  ,AZ,85715  ,6  ,2020-03-23,180,covid-19 effective closures.
415,page003.html,id=415,https://www.azjobconnection.gov/ada/mn_warn_dsp.cfm?id=415,Four Seasons Resort  ,Scottsdale  ,AZ,85262  ,7  ,2020-03-20,422,COVID-19 affect
413,page003.html,id=413,https://www.azjobconnection.gov/ada/mn_warn_dsp.cfm?id=413,KDC Construction  ,Irvine  ,CA,92606  ,7  ,2020-03-20,20,
420,page003.html,id=420,https://www.azjobconnection.gov/ada/mn_warn_dsp.cfm?id=420,Sub-Zero Group Inc  ,Goodyear  ,AZ,85340  ,7  ,2020-03-20,446,Layoff is associated to COVID-19
409,page003.html,id=409,https://www.azjobconnection.gov/ada/mn_warn_dsp.cfm?id=409,Embassy Suites Tempe  ,Tempe  ,AZ,85282  ,5  ,2020-03-18,47,COVID-19 effects
410,page003.html,id=410,https://www.azjobconnection.gov/ada/mn_warn_dsp.cfm?id=410,Roadhouse cinemas  ,Tucson  ,AZ,85712  ,6  ,2020-03-18,109,COVID-19 effect
411,page003.html,id=411,https://www.azjobconnection.gov/ada/mn_warn_dsp.cfm?id=411,Pima Valve  ,Chandler  ,AZ,85226  ,7  ,2020-03-18,40,Not official as of 3/18/20
412,page003.html,id=412,https://www.azjobconnection.gov/ada/mn_warn_dsp.cfm?id=412,Punch Bowl social  ,Phoenix  ,AZ,85004  ,5  ,2020-03-18,123,restaurant closing due to circumstances of COVID-19
407,page003.html,id=407,https://www.azjobconnection.gov/ada/mn_warn_dsp.cfm?id=407,Amentum  ,Yuma  ,AZ,85364  ,9  ,2020-03-13,62,"Includes exempt, union and sca positions.
This is a contract extension WARN"
406,page003.html,id=406,https://www.azjobconnection.gov/ada/mn_warn_dsp.cfm?id=406,Northrop Grumman  ,Falls Church  ,VA,22042  ,1  ,2020-03-09,240,contract not awarded.
405,page003.html,id=405,https://www.azjobconnection.gov/ada/mn_warn_dsp.cfm?id=405,HotChalk  ,Phoenix  ,AZ,85034  ,5  ,2020-02-25,75,
403,page003.html,id=403,https://www.azjobconnection.gov/ada/mn_warn_dsp.cfm?id=403,Transportation Brokerage Specialists Inc (TBS)  ,Costa Mesa  ,CA,92626  ,7  ,2020-02-20,110,"Two Locations: above and also 500 S. 48th Street, Phoenix 85034. No bumping rights."
404,page003.html,id=404,https://www.azjobconnection.gov/ada/mn_warn_dsp.cfm?id=404,Transportation Brokerage Specialists Inc (TBS)  ,Costa Mesa  ,CA,92626  ,7  ,2020-02-20,110,"Two Locations: above and also 550 E. Elliott Rd Chandler 85225. No bumping rights."
402,page003.html,id=402,https://www.azjobconnection.gov/ada/mn_warn_dsp.cfm?id=402,Bella Fresh  ,Phoenix  ,AZ,85043  ,5  ,2020-02-05,125,"I met with the Hr Manager this morning , as of this morning this company has closed their doors. the affected employees were not given any notice and he didn't have any additional details
.He wanted to alert us of employees who may be coming into office
for services"
399,page004.html,id=399,https://www.azjobconnection.gov/ada/mn_warn_dsp.cfm?id=399,Aecom  ,Glendale  ,AZ,85310  ,7  ,2020-01-17,62,"This is a current contract that is due to extend on March 14, 2020. 01/23/20 contacted Shaunna to get exact location and details. 01/23/20 contract was extended."
400,page004.html,id=400,https://www.azjobconnection.gov/ada/mn_warn_dsp.cfm?id=400,Dyncorp  ,Tucson  ,AZ,85704  ,6  ,2020-01-15,200,"Daniel Curlew 208-599-5250"
397,page004.html,id=397,https://www.azjobconnection.gov/ada/mn_warn_dsp.cfm?id=397,MAPFRE Insurance - Enterprise Contact Center  ,Gilbert  ,AZ,85234  ,7  ,2020-01-13,68,"The enterprise Contact center is closing, and 10 others from operations will be effected by Reduction in Force."
398,page004.html,id=398,https://www.azjobconnection.gov/ada/mn_warn_dsp.cfm?id=398,TMI Acquisitions LLC  ,Tucson  ,AZ,85713  ,6  ,2020-01-10,43,"layoff at its facilities located at 3761 E. Technical
Drive, Tucson, AZ 85713, and 1625 S. Euclid Ave Tucson, AZ 85713"
395,page004.html,id=395,https://www.azjobconnection.gov/ada/mn_warn_dsp.cfm?id=395,"Macy's Credit and Customer Services, Inc.  ",Tempe  ,AZ,85281  ,7  ,2020-01-06,843,Employees will be given information about other Macy's opportunities.
394,page004.html,id=394,https://www.azjobconnection.gov/ada/mn_warn_dsp.cfm?id=394,CMA CGM (America) LLC  ,Scottsdale  ,AZ,85254  ,7  ,2020-01-03,100,also closing APL (America) LLC
389,page004.html,id=389,https://www.azjobconnection.gov/ada/mn_warn_dsp.cfm?id=389,Compass USA - St Mary' Hospital  ,Tucson  ,AZ,85745  ,6  ,2019-12-30,75,Part of three locations being closed - St Mary's hospital
390,page004.html,id=390,https://www.azjobconnection.gov/ada/mn_warn_dsp.cfm?id=390,Compass USA - St Joseph's  ,Tucson  ,AZ,85711  ,6  ,2019-12-30,81,Part of three locations being closed - St Joseph's
391,page004.html,id=391,https://www.azjobconnection.gov/ada/mn_warn_dsp.cfm?id=391,"Compass USA - Holy Cross  ",Tucson  ,AZ,85621  ,6  ,2019-12-30,12,Part of three locations being closed - Holy Cross hospital
393,page004.html,id=393,https://www.azjobconnection.gov/ada/mn_warn_dsp.cfm?id=393,Hard Rock Cafe International  ,Phoenix  ,AZ,85004  ,5  ,2019-12-28,33,
401,page004.html,id=401,https://www.azjobconnection.gov/ada/mn_warn_dsp.cfm?id=401,Cognizant  ,Phoenix  ,AZ,85021  ,5  ,2019-12-18,602,City of Phoenix working with Cognizant
388,page004.html,id=388,https://www.azjobconnection.gov/ada/mn_warn_dsp.cfm?id=388,Ditech Financial LLC  ,Tempe  ,AZ,85282  ,7  ,2019-12-16,50,The layoff and closure will be staggered through the next year.
386,page004.html,id=386,https://www.azjobconnection.gov/ada/mn_warn_dsp.cfm?id=386,Katerra  ,Phoenix  ,AZ,85043  ,5  ,2019-12-03,221,Paid 60 days wage and benefits and also any severance pay.
381,page004.html,id=381,https://www.azjobconnection.gov/ada/mn_warn_dsp.cfm?id=381,Paradigm Precision  ,Tempe  ,AZ,85283  ,7  ,2019-11-14,200,
383,page004.html,id=383,https://www.azjobconnection.gov/ada/mn_warn_dsp.cfm?id=383,District medical Group (DMG)  ,Phoenix  ,AZ,85008  ,5  ,2019-11-14,67,"Two locations: *2929 E. Thomas Rd and *3001 E. Thomas Rd."
379,page004.html,id=379,https://www.azjobconnection.gov/ada/mn_warn_dsp.cfm?id=379,AMR Patient Advocacy Group - AZ  ,Scottsdale  ,AZ,85258  ,7  ,2019-10-31,77,outsourcing entire billing resource
377,page004.html,id=377,https://www.azjobconnection.gov/ada/mn_warn_dsp.cfm?id=377,Cascades  ,Kingman  ,AZ,86401  ,11  ,2019-10-30,94,"Those involved in the actual operations will be the last released. First are clerks, managers, and planners."
378,page004.html,id=378,https://www.azjobconnection.gov/ada/mn_warn_dsp.cfm?id=378,First Solar  ,Tempe  ,AZ,85281  ,7  ,2019-10-30,78,Only closing the Engineering Procurement and Construction business unit (EPC)
375,page004.html,id=375,https://www.azjobconnection.gov/ada/mn_warn_dsp.cfm?id=375,Dun & Bradstreet  ,Tucson  ,AZ,85701  ,6  ,2019-10-29,245,The entire facility will be permanently closed. No bumping rights to other facilities.
376,page004.html,id=376,https://www.azjobconnection.gov/ada/mn_warn_dsp.cfm?id=376,Oakwood Worldwide US LP  ,Phoenix  ,AZ,85021  ,5  ,2019-10-29,64,Corporation wide reduction in force.
373,page004.html,id=373,https://www.azjobconnection.gov/ada/mn_warn_dsp.cfm?id=373,St Luke's Medical Center  ,Phoenix  ,AZ,85006  ,5  ,2019-10-25,655,Hospital will be closing in its entirety.
387,page004.html,id=387,https://www.azjobconnection.gov/ada/mn_warn_dsp.cfm?id=387,Global Solar  ,Tucson  ,AZ,85747  ,6  ,2019-10-24,97,this is a furlough that has been extended indefinitely. first intended for two weeks
374,page004.html,id=374,https://www.azjobconnection.gov/ada/mn_warn_dsp.cfm?id=374,Valassis  ,Phoenix  ,AZ,86034  ,5  ,2019-10-23,92,
372,page004.html,id=372,https://www.azjobconnection.gov/ada/mn_warn_dsp.cfm?id=372,Safeway #2676  ,Mesa  ,AZ,85209  ,7  ,2019-10-18,65,
371,page004.html,id=371,https://www.azjobconnection.gov/ada/mn_warn_dsp.cfm?id=371,Katerra  ,Scottsdale  ,AZ,85258  ,7  ,2019-10-09,61,employees are given 60 days of full pay and benefits and additional severance pay.
369,page005.html,id=369,https://www.azjobconnection.gov/ada/mn_warn_dsp.cfm?id=369,Alorica - Mesa  ,Mesa  ,AZ,85203  ,7  ,2019-08-28,192,
368,page005.html,id=368,https://www.azjobconnection.gov/ada/mn_warn_dsp.cfm?id=368,Nestle USA and Nestle Dryers Ice Cream l  ,Phoenix  ,AZ,85004  ,5  ,2019-08-16,85,
366,page005.html,id=366,https://www.azjobconnection.gov/ada/mn_warn_dsp.cfm?id=366,"Insys Therapeutics, Inc  ",Chandler  ,AZ,85224  ,7  ,2019-08-09,96,
363,page005.html,id=363,https://www.azjobconnection.gov/ada/mn_warn_dsp.cfm?id=363,Aecom  ,Luke AFB  ,AZ,85012  ,7  ,2019-07-29,63,this is a multiple state event that is contingent on a federal contract.
362,page005.html,id=362,https://www.azjobconnection.gov/ada/mn_warn_dsp.cfm?id=362,viant Medical LLC  ,Tempe  ,AZ,85282  ,7  ,2019-07-25,81,
360,page005.html,id=360,https://www.azjobconnection.gov/ada/mn_warn_dsp.cfm?id=360,Wells Fargo  ,Charlotte  ,NC,28215  ,7  ,2019-07-18,82,"It is expected that most, if not all, of the affected team members will accept paid leave benefits based on years of service and continue participating in the company’s health plans at active rates for a period of time. None of the affected team members have bumping rights"
358,page005.html,id=358,https://www.azjobconnection.gov/ada/mn_warn_dsp.cfm?id=358,Albertsons 2929  ,Gilbert  ,AZ,85297  ,7  ,2019-06-21,99,"Go on Layoff, transfer or permanent termination."
359,page005.html,id=359,https://www.azjobconnection.gov/ada/mn_warn_dsp.cfm?id=359,Safeway 1126  ,Scottsdale  ,AZ,85259  ,7  ,2019-06-21,60,"layoff, transfer or permanent termination"
357,page005.html,id=357,https://www.azjobconnection.gov/ada/mn_warn_dsp.cfm?id=357,Peabody Western Coal Company  ,kayenta  ,AZ,86033  ,14  ,2019-06-13,295,"Should you have any questions regarding this notice, or if you want any additional information concerning this matter, please contact one of the following individuals: Randy Lehn Director Operations Support (928) 677-5105 Jeff Shiflett Senior Manager, Maintenance (928) 677-5167"
356,page005.html,id=356,https://www.azjobconnection.gov/ada/mn_warn_dsp.cfm?id=356,Walmart  ,Tempe  ,AZ,85281  ,7  ,2019-06-12,23,employees may apply at any Walmart or Sam's club
355,page005.html,id=355,https://www.azjobconnection.gov/ada/mn_warn_dsp.cfm?id=355,Raytheon Company  ,Sierra Vista  ,AZ,85635  ,1  ,2019-06-06,69,continued loss of contracts and Grants.
352,page005.html,id=352,https://www.azjobconnection.gov/ada/mn_warn_dsp.cfm?id=352,Conair Corporation  ,Stamford  ,CT,06902  ,7  ,2019-05-13,108,
351,page005.html,id=351,https://www.azjobconnection.gov/ada/mn_warn_dsp.cfm?id=351,Leidos  ,Prescott Valley  ,AZ,86314  ,12  ,2019-05-03,59,"Union Contact is the Directing business Representative no bumping rights."
348,page005.html,id=348,https://www.azjobconnection.gov/ada/mn_warn_dsp.cfm?id=348,Albertsons/Safeway 0940  ,Tempe  ,AZ,85283  ,7  ,2019-04-26,60,
349,page005.html,id=349,https://www.azjobconnection.gov/ada/mn_warn_dsp.cfm?id=349,Safeway 1567  ,Mesa  ,AZ,85213  ,7  ,2019-04-26,54,
333,page005.html,id=333,https://www.azjobconnection.gov/ada/mn_warn_dsp.cfm?id=333,Western Refining  ,Tempe  ,AZ,85281  ,7  ,2019-04-10,37,
319,page005.html,id=319,https://www.azjobconnection.gov/ada/mn_warn_dsp.cfm?id=319,Concentrix Corporation  ,Tucson  ,AZ,85705  ,6  ,2019-04-05,785,
347,page005.html,id=347,https://www.azjobconnection.gov/ada/mn_warn_dsp.cfm?id=347,Spectra -Blue Water Resort & Casino  ,Parker  ,AZ,85344  ,11  ,2019-04-01,128,
346,page005.html,id=346,https://www.azjobconnection.gov/ada/mn_warn_dsp.cfm?id=346,Radisson Suites Hotel Tucson  ,Tucson  ,AZ,85710  ,6  ,2019-03-29,82,
345,page005.html,id=345,https://www.azjobconnection.gov/ada/mn_warn_dsp.cfm?id=345,Raytheon  ,Sierra Vista  ,AZ,85635  ,1  ,2019-03-28,176,
344,page005.html,id=344,https://www.azjobconnection.gov/ada/mn_warn_dsp.cfm?id=344,Arizona Daily Star  ,Tucson  ,AZ,85714  ,6  ,2019-03-21,59,
342,page005.html,id=342,https://www.azjobconnection.gov/ada/mn_warn_dsp.cfm?id=342,DialAmerica Marketing  ,Phoenix  ,AZ,85040  ,5  ,2019-03-04,182,
277,page005.html,id=277,https://www.azjobconnection.gov/ada/mn_warn_dsp.cfm?id=277,TENET Healthcare Corp.  ,Phoenix  ,AZ,85020  ,5  ,2019-03-04,1,
339,page005.html,id=339,https://www.azjobconnection.gov/ada/mn_warn_dsp.cfm?id=339,Target Corporation  ,Tucson  ,AZ,85711  ,6  ,2019-03-01,113,
340,page005.html,id=340,https://www.azjobconnection.gov/ada/mn_warn_dsp.cfm?id=340,Spectrum Pharmaceuticals  ,Henderson  ,NV,89052  ,7  ,2019-03-01,3,
290,page006.html,id=290,https://www.azjobconnection.gov/ada/mn_warn_dsp.cfm?id=290,Conifer Health Solutions  ,Phoenix  ,AZ,85020  ,5  ,2019-02-28,2,
343,page006.html,id=343,https://www.azjobconnection.gov/ada/mn_warn_dsp.cfm?id=343,Dexcom  ,San Diego  ,CA,92121  ,7  ,2019-02-26,160,
337,page006.html,id=337,https://www.azjobconnection.gov/ada/mn_warn_dsp.cfm?id=337,General Dynamics Information Technology  ,Fort Huachuca  ,AZ,85613  ,1  ,2019-02-26,201,
336,page006.html,id=336,https://www.azjobconnection.gov/ada/mn_warn_dsp.cfm?id=336,La Palma Correctional Facility  ,Eloy  ,AZ,85131  ,2  ,2019-02-22,108,
334,page006.html,id=334,https://www.azjobconnection.gov/ada/mn_warn_dsp.cfm?id=334,Systems Solutions of Kentucky  ,Goodyear  ,AZ,85395  ,7  ,2019-02-19,39,
328,page006.html,id=328,https://www.azjobconnection.gov/ada/mn_warn_dsp.cfm?id=328,Combat Tactical Training Range  ,Yuma  ,AZ,85365  ,9  ,2019-02-07,52,
327,page006.html,id=327,https://www.azjobconnection.gov/ada/mn_warn_dsp.cfm?id=327,Web.com group Inc  ,jacksonville  ,FL,32258  ,7  ,2019-02-01,11,
326,page006.html,id=326,https://www.azjobconnection.gov/ada/mn_warn_dsp.cfm?id=326,Tesla  ,Phoenix  ,AZ,85040  ,7  ,2019-01-29,58,
314,page006.html,id=314,https://www.azjobconnection.gov/ada/mn_warn_dsp.cfm?id=314,Alorica  ,Tucson  ,AZ,85756  ,6  ,2019-01-25,227,
325,page006.html,id=325,https://www.azjobconnection.gov/ada/mn_warn_dsp.cfm?id=325,Sodexo  ,Phoenix  ,AZ,85034  ,5  ,2019-01-18,49,
324,page006.html,id=324,https://www.azjobconnection.gov/ada/mn_warn_dsp.cfm?id=324,Invitation Homes  ,Scottsdale  ,AZ,85255  ,7  ,2019-01-16,51,no bumping rights
322,page006.html,id=322,https://www.azjobconnection.gov/ada/mn_warn_dsp.cfm?id=322,Safeway #1985  ,Tucson  ,AZ,85742  ,6  ,2019-01-04,62,
323,page006.html,id=323,https://www.azjobconnection.gov/ada/mn_warn_dsp.cfm?id=323,Kmart #04996  ,Hoffman Estates  ,IL,60192  ,6  ,2018-12-27,67,
321,page006.html,id=321,https://www.azjobconnection.gov/ada/mn_warn_dsp.cfm?id=321,Turn-Key Solutions  ,Glendale  ,AZ,85306  ,7  ,2018-11-20,163,
320,page006.html,id=320,https://www.azjobconnection.gov/ada/mn_warn_dsp.cfm?id=320,Ulta Beauty  ,Phoenix  ,AZ,85043  ,5  ,2018-11-13,196,
317,page006.html,id=317,https://www.azjobconnection.gov/ada/mn_warn_dsp.cfm?id=317,Southwest Key Programs Inc.  ,Austin  ,TX,78721  ,7  ,2018-10-31,100,"Two location being closed (Youngtown and Phoenix)"
318,page006.html,id=318,https://www.azjobconnection.gov/ada/mn_warn_dsp.cfm?id=318,Southwest Key Programs Inc.  ,Austin  ,TX,78721  ,5  ,2018-10-31,100,"Two location being closed (Youngtown and Phoenix)"
316,page006.html,id=316,https://www.azjobconnection.gov/ada/mn_warn_dsp.cfm?id=316,Sears Tempe Call Center  ,Tempe  ,AZ,85284  ,7  ,2018-10-01,85,
315,page006.html,id=315,https://www.azjobconnection.gov/ada/mn_warn_dsp.cfm?id=315,Gannett Satellite Information Network  ,Phoenix  ,AZ,85004  ,5  ,2018-09-26,72,
312,page006.html,id=312,https://www.azjobconnection.gov/ada/mn_warn_dsp.cfm?id=312,G/O Digital  ,Phoenix  ,AZ,85004  ,5  ,2018-09-20,89,
310,page006.html,id=310,https://www.azjobconnection.gov/ada/mn_warn_dsp.cfm?id=310,GenRx Phamacy  ,Scottsdale  ,AZ,85255  ,7  ,2018-09-19,123,
311,page006.html,id=311,https://www.azjobconnection.gov/ada/mn_warn_dsp.cfm?id=311,Essity North America LLC  ,Bellemont  ,AZ,86015  ,10  ,2018-09-18,116,88 employees are represented by the union.
308,page006.html,id=308,https://www.azjobconnection.gov/ada/mn_warn_dsp.cfm?id=308,Abrazo Scottsdale Campus  ,Phoenix  ,AZ,85032  ,5  ,2018-07-13,49,
306,page006.html,id=306,https://www.azjobconnection.gov/ada/mn_warn_dsp.cfm?id=306,Marvell Semiconductors Inc.  ,Chandler  ,AZ,85286  ,7  ,2018-07-09,2,
307,page006.html,id=307,https://www.azjobconnection.gov/ada/mn_warn_dsp.cfm?id=307,C & W Services  ,Dallas  ,TX,75254  ,5  ,2018-07-03,51,
313,page007.html,id=313,https://www.azjobconnection.gov/ada/mn_warn_dsp.cfm?id=313,Dream Center Education Holdings  ,Phoenix  ,AZ,85201  ,5  ,2018-06-29,162,
303,page007.html,id=303,https://www.azjobconnection.gov/ada/mn_warn_dsp.cfm?id=303,Albertsons Store 959  ,Tucson  ,AZ,85710  ,6  ,2018-06-18,54,
304,page007.html,id=304,https://www.azjobconnection.gov/ada/mn_warn_dsp.cfm?id=304,Safeway 1636  ,Glendale  ,AZ,85306  ,7  ,2018-06-18,61,
305,page007.html,id=305,https://www.azjobconnection.gov/ada/mn_warn_dsp.cfm?id=305,Safeway 1202  ,Phoenix  ,AZ,85022  ,5  ,2018-06-18,55,One of three WARN notices received today
301,page007.html,id=301,https://www.azjobconnection.gov/ada/mn_warn_dsp.cfm?id=301,AT&T  ,Phoenix  ,AZ,85044  ,5  ,2018-06-14,85,
302,page007.html,id=302,https://www.azjobconnection.gov/ada/mn_warn_dsp.cfm?id=302,Interagency Council  ,Lake havasu City  ,AZ,86403  ,11  ,2018-06-13,15,
300,page007.html,id=300,https://www.azjobconnection.gov/ada/mn_warn_dsp.cfm?id=300,Hawrhorne Gardening  ,Chandler  ,AZ,85226  ,7  ,2018-06-06,76,"Three locations closing: 6858 W. Chicago, 6975 W. Frye Road, and 600 S. 56th Street in Chandler."
298,page007.html,id=298,https://www.azjobconnection.gov/ada/mn_warn_dsp.cfm?id=298,TSI corporation  ,Las Vegas  ,NV,89106  ,7  ,2018-05-29,110,only effecting one corporate employee in Arizona
299,page007.html,id=299,https://www.azjobconnection.gov/ada/mn_warn_dsp.cfm?id=299,UBER  ,Tempe  ,AZ,85281  ,7  ,2018-05-29,296,Staff receiving 60 days of severance pay and benefits through 7/31/18
297,page007.html,id=297,https://www.azjobconnection.gov/ada/mn_warn_dsp.cfm?id=297,Direct Energy  ,Houston  ,TX,77046  ,7  ,2018-04-30,195,
296,page007.html,id=296,https://www.azjobconnection.gov/ada/mn_warn_dsp.cfm?id=296,Schletter Inc.  ,Shelby  ,NC,28150  ,6  ,2018-04-25,16,
294,page007.html,id=294,https://www.azjobconnection.gov/ada/mn_warn_dsp.cfm?id=294,Marriott  ,Phoenix  ,AZ,85004  ,5  ,2018-04-03,414,
293,page007.html,id=293,https://www.azjobconnection.gov/ada/mn_warn_dsp.cfm?id=293,Rockwell Collins  ,Tucson  ,AZ,85710  ,6  ,2018-03-26,413,
292,page007.html,id=292,https://www.azjobconnection.gov/ada/mn_warn_dsp.cfm?id=292,Boyd Coffee Company  ,Tempe  ,AZ,85282  ,7  ,2018-03-22,4,
291,page007.html,id=291,https://www.azjobconnection.gov/ada/mn_warn_dsp.cfm?id=291,Western Refining  ,San Antonio  ,TX,78259  ,7  ,2018-02-28,32,Received update notice on 10/30/18 dated 10/22/18.
295,page007.html,id=295,https://www.azjobconnection.gov/ada/mn_warn_dsp.cfm?id=295,"ACS, LLC  ",Yuma  ,AZ,85365  ,9  ,2018-02-21,60,
285,page007.html,id=285,https://www.azjobconnection.gov/ada/mn_warn_dsp.cfm?id=285,Sams Club  ,Chandler  ,AZ,85225  ,7  ,2018-01-11,150,
286,page007.html,id=286,https://www.azjobconnection.gov/ada/mn_warn_dsp.cfm?id=286,Sams Club  ,Casa Grande  ,AZ,85122  ,2  ,2018-01-11,152,
287,page007.html,id=287,https://www.azjobconnection.gov/ada/mn_warn_dsp.cfm?id=287,Sams Club  ,Prescott Valley  ,AZ,86314  ,12  ,2018-01-11,137,
288,page007.html,id=288,https://www.azjobconnection.gov/ada/mn_warn_dsp.cfm?id=288,Sams Club  ,Scottsdale  ,AZ,85251  ,7  ,2018-01-11,129,
284,page007.html,id=284,https://www.azjobconnection.gov/ada/mn_warn_dsp.cfm?id=284,Albertsons  ,Phoenix  ,AZ,85028  ,5  ,2018-01-05,76,
283,page007.html,id=283,https://www.azjobconnection.gov/ada/mn_warn_dsp.cfm?id=283,Marriott  ,Bethesda  ,MD,20817  ,7  ,2017-11-29,20,
280,page007.html,id=280,https://www.azjobconnection.gov/ada/mn_warn_dsp.cfm?id=280,Unitedhealth Group  ,Phoenix  ,AZ,85021  ,5  ,2017-11-02,381,
281,page007.html,id=281,https://www.azjobconnection.gov/ada/mn_warn_dsp.cfm?id=281,Xchange Leasing LLC (XCL)  ,Phoenix  ,AZ,85012  ,5  ,2017-10-31,228,
279,page007.html,id=279,https://www.azjobconnection.gov/ada/mn_warn_dsp.cfm?id=279,Rockwell collins  ,Tucson  ,AZ,85710  ,6  ,2017-10-19,28,
276,page008.html,id=276,https://www.azjobconnection.gov/ada/mn_warn_dsp.cfm?id=276,Suddenlink Communications  ,Lake Havasu  ,AZ,86403  ,11  ,2017-08-03,50,
275,page008.html,id=275,https://www.azjobconnection.gov/ada/mn_warn_dsp.cfm?id=275,"SCA Tissue NA, LLC  ",Flagstaff  ,AZ,86001  ,10  ,2017-06-08,78,
274,page008.html,id=274,https://www.azjobconnection.gov/ada/mn_warn_dsp.cfm?id=274,Kellogg's  ,Battle Creek  ,MI,49016  ,5  ,2017-05-26,180,
273,page008.html,id=273,https://www.azjobconnection.gov/ada/mn_warn_dsp.cfm?id=273,"Royal Remanufacturing, LLC  ",St. Louis  ,MO,63124  ,7  ,2017-04-25,52,
272,page008.html,id=272,https://www.azjobconnection.gov/ada/mn_warn_dsp.cfm?id=272,Da Vita Rx  ,Coppell  ,TX,75019  ,7  ,2017-04-19,83,
268,page008.html,id=268,https://www.azjobconnection.gov/ada/mn_warn_dsp.cfm?id=268,Manpower Group  ,Milwaukee  ,WI,53212  ,7  ,2017-03-17,53,
264,page008.html,id=264,https://www.azjobconnection.gov/ada/mn_warn_dsp.cfm?id=264,Whole Foods  ,Phoenix  ,AZ,85028  ,5  ,2017-02-10,55,
263,page008.html,id=263,https://www.azjobconnection.gov/ada/mn_warn_dsp.cfm?id=263,Zenefits  ,San Francisco  ,CA,94107  ,7  ,2017-02-09,165,
260,page008.html,id=260,https://www.azjobconnection.gov/ada/mn_warn_dsp.cfm?id=260,Albertson Company #1026  ,Surprise  ,AZ,85374  ,7  ,2017-01-06,77,
262,page008.html,id=262,https://www.azjobconnection.gov/ada/mn_warn_dsp.cfm?id=262,Albertson Company #969  ,Scottsdale  ,AZ,85260  ,7  ,2017-01-06,77,
259,page008.html,id=259,https://www.azjobconnection.gov/ada/mn_warn_dsp.cfm?id=259,OTG Management Tucson LLC  ,Tucson  ,AZ,85756  ,6  ,2016-12-27,107,
256,page008.html,id=256,https://www.azjobconnection.gov/ada/mn_warn_dsp.cfm?id=256,Marriott/Starwood Scottsdale Office  ,Scottsdale  ,AZ,85254  ,7  ,2016-11-29,76,
252,page008.html,id=252,https://www.azjobconnection.gov/ada/mn_warn_dsp.cfm?id=252,AT&T  ,Phx  ,AZ,85027  ,5  ,2016-11-29,50,
253,page008.html,id=253,https://www.azjobconnection.gov/ada/mn_warn_dsp.cfm?id=253,GO Digital  ,Phx  ,AZ,85004  ,5  ,2016-11-17,153,
255,page008.html,id=255,https://www.azjobconnection.gov/ada/mn_warn_dsp.cfm?id=255,"Hanjin Shipping America, LLC  ",Chandler  ,AZ,85224  ,7  ,2016-10-12,181,
254,page008.html,id=254,https://www.azjobconnection.gov/ada/mn_warn_dsp.cfm?id=254,Theranos  ,scottsdale  ,AZ,85257  ,7  ,2016-10-06,194,
251,page008.html,id=251,https://www.azjobconnection.gov/ada/mn_warn_dsp.cfm?id=251,Theranos  ,Palo Alto  ,CA,94304  ,7  ,2016-10-06,194,
250,page008.html,id=250,https://www.azjobconnection.gov/ada/mn_warn_dsp.cfm?id=250,RICOH USA Inc.  ,Malvem  ,PA,19355  ,7  ,2016-09-01,68,
247,page008.html,id=247,https://www.azjobconnection.gov/ada/mn_warn_dsp.cfm?id=247,ARRIS Group Inc.  ,Suwanee  ,GA,30024  ,5  ,2016-08-24,20,
248,page008.html,id=248,https://www.azjobconnection.gov/ada/mn_warn_dsp.cfm?id=248,ARRIS Group Inc.  ,Suwanee  ,GA,30024  ,7  ,2016-08-24,139,
249,page008.html,id=249,https://www.azjobconnection.gov/ada/mn_warn_dsp.cfm?id=249,ARRIS Group Inc.  ,Suwanee  ,GA,30024  ,7  ,2016-08-24,36,
246,page008.html,id=246,https://www.azjobconnection.gov/ada/mn_warn_dsp.cfm?id=246,ManpowerGroup  ,Milwaukee  ,WI,53212  ,7  ,2016-08-04,59,
245,page008.html,id=245,https://www.azjobconnection.gov/ada/mn_warn_dsp.cfm?id=245,Select Medical Corporation  ,Mechanicsburg  ,PA,17055  ,7  ,2016-08-03,90,
243,page008.html,id=243,https://www.azjobconnection.gov/ada/mn_warn_dsp.cfm?id=243,"Advantage Logistics Southwest, Inc.  ",Phoenix  ,AZ,85043  ,7  ,2016-06-06,507,
244,page008.html,id=244,https://www.azjobconnection.gov/ada/mn_warn_dsp.cfm?id=244,ABB Inc.  ,Phoenix  ,AZ,85034  ,5  ,2016-05-31,89,
242,page009.html,id=242,https://www.azjobconnection.gov/ada/mn_warn_dsp.cfm?id=242,DataSphere Technologies  ,Bellevue  ,AZ,98008  ,7  ,2016-05-30,84,
236,page009.html,id=236,https://www.azjobconnection.gov/ada/mn_warn_dsp.cfm?id=236,"ACS, LLC  ",Yuma  ,AZ,85365  ,9  ,2016-05-04,25,
237,page009.html,id=237,https://www.azjobconnection.gov/ada/mn_warn_dsp.cfm?id=237,"ACS, LLC  ",Yuma  ,AZ,85365  ,9  ,2016-05-04,25,
239,page009.html,id=239,https://www.azjobconnection.gov/ada/mn_warn_dsp.cfm?id=239,ZMC  ,Scottsdale  ,AZ,85258  ,7  ,2016-05-02,15,
234,page009.html,id=234,https://www.azjobconnection.gov/ada/mn_warn_dsp.cfm?id=234,Intel Corporation  ,Santa Clara  ,CA,95054  ,7  ,2016-04-25,248,
235,page009.html,id=235,https://www.azjobconnection.gov/ada/mn_warn_dsp.cfm?id=235,Intel Corporation  ,Santa Clara  ,CA,95054  ,7  ,2016-04-25,312,
238,page009.html,id=238,https://www.azjobconnection.gov/ada/mn_warn_dsp.cfm?id=238,GENCO  ,Pittsburgh  ,PA,15238  ,7  ,2016-03-29,73,
240,page009.html,id=240,https://www.azjobconnection.gov/ada/mn_warn_dsp.cfm?id=240,livingsocial  ,Washington  ,DC,20005  ,6  ,2016-03-16,122,
232,page009.html,id=232,https://www.azjobconnection.gov/ada/mn_warn_dsp.cfm?id=232,ASARCO Grupo Mexico  ,Tucson  ,AZ,85711  ,2002  ,2016-02-11,162,
233,page009.html,id=233,https://www.azjobconnection.gov/ada/mn_warn_dsp.cfm?id=233,Aeroturbine  ,Miramar  ,FL,33027  ,7  ,2016-01-27,61,
226,page009.html,id=226,https://www.azjobconnection.gov/ada/mn_warn_dsp.cfm?id=226,"Golden EagleDistributors, Inc.  ",Tucson  ,AZ,27506  ,6  ,2016-01-11,229,
227,page009.html,id=227,https://www.azjobconnection.gov/ada/mn_warn_dsp.cfm?id=227,"Golden EagleDistributors, Inc.  ",Tucson  ,AZ,27506  ,2  ,2016-01-11,51,
228,page009.html,id=228,https://www.azjobconnection.gov/ada/mn_warn_dsp.cfm?id=228,"Golden EagleDistributors, Inc.  ",Tucson  ,AZ,27506  ,7  ,2016-01-11,47,
229,page009.html,id=229,https://www.azjobconnection.gov/ada/mn_warn_dsp.cfm?id=229,"Golden EagleDistributors, Inc.  ",Tucson  ,AZ,27506  ,10  ,2016-01-11,50,
230,page009.html,id=230,https://www.azjobconnection.gov/ada/mn_warn_dsp.cfm?id=230,"Golden EagleDistributors, Inc.  ",Tucson  ,AZ,27506  ,14  ,2016-01-11,16,
231,page009.html,id=231,https://www.azjobconnection.gov/ada/mn_warn_dsp.cfm?id=231,"Golden EagleDistributors, Inc.  ",Tucson  ,AZ,27506  ,7  ,2016-01-11,31,
241,page009.html,id=241,https://www.azjobconnection.gov/ada/mn_warn_dsp.cfm?id=241,Vitron manufacturing solutions  ,Phoenix  ,AZ,85053  ,5  ,2016-01-06,87,
225,page009.html,id=225,https://www.azjobconnection.gov/ada/mn_warn_dsp.cfm?id=225,"Philidor Rx Services, LLC  ",Hatboro  ,PA,19040  ,5  ,2016-01-05,264,
224,page009.html,id=224,https://www.azjobconnection.gov/ada/mn_warn_dsp.cfm?id=224,"DAL Global Services, LLC  ",Atlanta  ,GA,303206001  ,5  ,2015-11-16,162,
222,page009.html,id=222,https://www.azjobconnection.gov/ada/mn_warn_dsp.cfm?id=222,Management & Training Corporation  ,Centerville  ,UT,84014  ,11  ,2015-10-28,467,
223,page009.html,id=223,https://www.azjobconnection.gov/ada/mn_warn_dsp.cfm?id=223,Walter Investment Managment Corp  ,Jacksonville  ,AZ,32202  ,7  ,2015-10-28,96,
220,page009.html,id=220,https://www.azjobconnection.gov/ada/mn_warn_dsp.cfm?id=220,Freeport-McMoRan Sierrita Inc.  ,Phoenix  ,AZ,85004  ,6  ,2015-10-22,580,
221,page009.html,id=221,https://www.azjobconnection.gov/ada/mn_warn_dsp.cfm?id=221,"Marvell Semiconductor, Inc.  ",Santa Clara  ,CA,94054  ,7  ,2015-10-16,29,
219,page009.html,id=219,https://www.azjobconnection.gov/ada/mn_warn_dsp.cfm?id=219,Freeport-McMoRan  ,Phoenix  ,AZ,85004  ,14  ,2015-08-27,170,
215,page009.html,id=215,https://www.azjobconnection.gov/ada/mn_warn_dsp.cfm?id=215,ATSCO Remanufacturing Inc.  ,Daphne  ,AL,36526  ,5  ,2015-08-26,155,
216,page010.html,id=216,https://www.azjobconnection.gov/ada/mn_warn_dsp.cfm?id=216,ASARCO Grupo Mexico  ,Tucson  ,AZ,85711  ,14  ,2015-08-21,170,
217,page010.html,id=217,https://www.azjobconnection.gov/ada/mn_warn_dsp.cfm?id=217,Littler Employment & labor Solutiions Worldwide  ,Atlanta  ,GA,30326  ,7  ,2015-08-14,84,
218,page010.html,id=218,https://www.azjobconnection.gov/ada/mn_warn_dsp.cfm?id=218,"Beck, Chaet, Bamberger,& Polsky, S.C.  ",Milwaukee  ,WI,53202  ,5  ,2015-08-14,22,
209,page010.html,id=209,https://www.azjobconnection.gov/ada/mn_warn_dsp.cfm?id=209,"Haggen, Inc.  ",Irvine  ,CA,92618  ,6  ,2015-08-14,51,
211,page010.html,id=211,https://www.azjobconnection.gov/ada/mn_warn_dsp.cfm?id=211,"Haggen, Inc.  ",Irvine  ,CA,92618  ,6  ,2015-08-14,35,
212,page010.html,id=212,https://www.azjobconnection.gov/ada/mn_warn_dsp.cfm?id=212,"Haggen, Inc.  ",Irvine  ,CA,92618  ,7  ,2015-08-14,45,
213,page010.html,id=213,https://www.azjobconnection.gov/ada/mn_warn_dsp.cfm?id=213,"Haggen, Inc.  ",Irvine  ,CA,92618  ,10  ,2015-08-14,44,
214,page010.html,id=214,https://www.azjobconnection.gov/ada/mn_warn_dsp.cfm?id=214,"Haggen, Inc.  ",Irvine  ,CA,92618  ,12  ,2015-08-14,51,
205,page010.html,id=205,https://www.azjobconnection.gov/ada/mn_warn_dsp.cfm?id=205,Atkore International  ,Harvey  ,IL,60426  ,5  ,2015-08-06,60,
208,page010.html,id=208,https://www.azjobconnection.gov/ada/mn_warn_dsp.cfm?id=208,Calvery Staffing  ,Phoenix  ,AZ,95040  ,5  ,2015-08-04,411,
203,page010.html,id=203,https://www.azjobconnection.gov/ada/mn_warn_dsp.cfm?id=203,"Ameron International, Inc.  ",Phoenix  ,AZ,85034  ,5  ,2015-07-31,82,
202,page010.html,id=202,https://www.azjobconnection.gov/ada/mn_warn_dsp.cfm?id=202,Quality Care Network  ,Phoenix  ,AZ,85034  ,5  ,2015-07-28,107,
204,page010.html,id=204,https://www.azjobconnection.gov/ada/mn_warn_dsp.cfm?id=204,Community Partners Inc  ,Tucson  ,AZ,85711  ,6  ,2015-07-27,93,
201,page010.html,id=201,https://www.azjobconnection.gov/ada/mn_warn_dsp.cfm?id=201,Staples  ,Framingham  ,MA,07102  ,7  ,2015-06-26,60,
186,page010.html,id=186,https://www.azjobconnection.gov/ada/mn_warn_dsp.cfm?id=186,"Marriott International, Inc.  ",Bethesda  ,MD,20817  ,5  ,2015-05-18,197,
184,page010.html,id=184,https://www.azjobconnection.gov/ada/mn_warn_dsp.cfm?id=184,Safeway  ,Phoenix  ,AZ,85072  ,2  ,2015-05-04,44,
185,page010.html,id=185,https://www.azjobconnection.gov/ada/mn_warn_dsp.cfm?id=185,Safeway  ,Phoenix  ,AZ,85072  ,7  ,2015-05-04,50,
190,page010.html,id=190,https://www.azjobconnection.gov/ada/mn_warn_dsp.cfm?id=190,Life Care Centers of America  ,Cleveland  ,TN,37320  ,7  ,2015-04-30,147,
191,page010.html,id=191,https://www.azjobconnection.gov/ada/mn_warn_dsp.cfm?id=191,Life Care Centers of America  ,Cleveland  ,TN,37320  ,6  ,2015-04-30,156,
192,page010.html,id=192,https://www.azjobconnection.gov/ada/mn_warn_dsp.cfm?id=192,Life Care Centers of America  ,Cleveland  ,TN,37320  ,6  ,2015-04-30,157,
193,page010.html,id=193,https://www.azjobconnection.gov/ada/mn_warn_dsp.cfm?id=193,Life Care Centers of America  ,Cleveland  ,TN,37320  ,12  ,2015-04-30,136,
194,page010.html,id=194,https://www.azjobconnection.gov/ada/mn_warn_dsp.cfm?id=194,Life Care Centers of America  ,Cleveland  ,TN,37320  ,7  ,2015-04-30,60,
195,page010.html,id=195,https://www.azjobconnection.gov/ada/mn_warn_dsp.cfm?id=195,Life Care Centers of America  ,Cleveland  ,TN,37320  ,7  ,2015-04-30,133,
196,page010.html,id=196,https://www.azjobconnection.gov/ada/mn_warn_dsp.cfm?id=196,Life Care Centers of America  ,Cleveland  ,TN,37320  ,5  ,2015-04-30,144,
197,page010.html,id=197,https://www.azjobconnection.gov/ada/mn_warn_dsp.cfm?id=197,Life Care Centers of America  ,Cleveland  ,TN,37320  ,7  ,2015-04-30,65,
198,page011.html,id=198,https://www.azjobconnection.gov/ada/mn_warn_dsp.cfm?id=198,Life Care Centers of America  ,Cleveland  ,TN,37320  ,7  ,2015-04-30,31,
199,page011.html,id=199,https://www.azjobconnection.gov/ada/mn_warn_dsp.cfm?id=199,Life Care Centers of America  ,Cleveland  ,TN,37320  ,12  ,2015-04-30,95,
200,page011.html,id=200,https://www.azjobconnection.gov/ada/mn_warn_dsp.cfm?id=200,Life Care Centers of America  ,Cleveland  ,TN,37320  ,6  ,2015-04-30,102,
182,page011.html,id=182,https://www.azjobconnection.gov/ada/mn_warn_dsp.cfm?id=182,"Prospect Enterprises, Inc.  ",Los Angeles  ,CA,90021  ,5  ,2015-04-27,13,
183,page011.html,id=183,https://www.azjobconnection.gov/ada/mn_warn_dsp.cfm?id=183,Zenith Education Group  ,Tampa  ,FL,33610  ,7  ,2015-04-27,213,
181,page011.html,id=181,https://www.azjobconnection.gov/ada/mn_warn_dsp.cfm?id=181,Captial Group Companies Global  ,Scottsdale  ,AZ,85254  ,7  ,2015-04-22,173,
187,page011.html,id=187,https://www.azjobconnection.gov/ada/mn_warn_dsp.cfm?id=187,"Philosophy, Inc.  ",Phoenix  ,AZ,85034  ,5  ,2015-04-17,145,
188,page011.html,id=188,https://www.azjobconnection.gov/ada/mn_warn_dsp.cfm?id=188,"Philosophy, Inc.  ",Phoenix  ,AZ,85034  ,5  ,2015-04-17,60,
177,page011.html,id=177,https://www.azjobconnection.gov/ada/mn_warn_dsp.cfm?id=177,Todds (Div of H.J. Heinz Co. L.P.  ,Phoenix  ,AZ,85043  ,5  ,2015-04-01,82,
178,page011.html,id=178,https://www.azjobconnection.gov/ada/mn_warn_dsp.cfm?id=178,United Recovery systems  ,Houston  ,TX,77072  ,7  ,2015-03-31,99,
179,page011.html,id=179,https://www.azjobconnection.gov/ada/mn_warn_dsp.cfm?id=179,"Enterprise Recovery Ststems, Inc  ",Oak Brook  ,IL,60523  ,7  ,2015-03-31,132,
176,page011.html,id=176,https://www.azjobconnection.gov/ada/mn_warn_dsp.cfm?id=176,"Transworld Systems, Inc (TSI)  ",Phoenix  ,AZ,85027  ,5  ,2015-03-26,62,
180,page011.html,id=180,https://www.azjobconnection.gov/ada/mn_warn_dsp.cfm?id=180,Intercontinental Exchange NYSE  ,Chicago  ,IL,60606  ,5  ,2015-03-23,56,
175,page011.html,id=175,https://www.azjobconnection.gov/ada/mn_warn_dsp.cfm?id=175,Arizona Grand Senior Living Community  ,Phoenix  ,AZ,85016  ,5  ,2014-12-30,92,
174,page011.html,id=174,https://www.azjobconnection.gov/ada/mn_warn_dsp.cfm?id=174,Mineral Park Inc.  ,Golden Valley  ,AZ,86413  ,11  ,2014-12-29,383,
173,page011.html,id=173,https://www.azjobconnection.gov/ada/mn_warn_dsp.cfm?id=173,Margaritaville  ,Orlando  ,FL,32819  ,7  ,2014-11-12,55,
171,page011.html,id=171,https://www.azjobconnection.gov/ada/mn_warn_dsp.cfm?id=171,"Benchmark Electronics Phoenix, Inc.  ",Phoenix  ,AZ,85023  ,5  ,2014-10-30,140,
172,page011.html,id=172,https://www.azjobconnection.gov/ada/mn_warn_dsp.cfm?id=172,Xanterra L.L.C.  ,Grand Canyon  ,AZ,86023  ,10  ,2014-10-29,978,
168,page011.html,id=168,https://www.azjobconnection.gov/ada/mn_warn_dsp.cfm?id=168,Walgreen Co.  ,Flagstaff  ,AZ,86004  ,10  ,2014-10-20,348,
167,page011.html,id=167,https://www.azjobconnection.gov/ada/mn_warn_dsp.cfm?id=167,GT Advanced Technologies  ,Mesa  ,AZ,85212  ,7  ,2014-10-16,727,
169,page011.html,id=169,https://www.azjobconnection.gov/ada/mn_warn_dsp.cfm?id=169,Kmart Corporation  ,Hoffman Estates  ,IL,80179  ,5  ,2014-10-15,109,
170,page011.html,id=170,https://www.azjobconnection.gov/ada/mn_warn_dsp.cfm?id=170,Thunderbird School of Global Management  ,Glendale  ,AZ,85306  ,5  ,2014-10-09,212,
166,page011.html,id=166,https://www.azjobconnection.gov/ada/mn_warn_dsp.cfm?id=166,Primary Financial Services  ,Phoenix  ,AZ,85013  ,5  ,2014-10-06,122,
165,page011.html,id=165,https://www.azjobconnection.gov/ada/mn_warn_dsp.cfm?id=165,"Marcolin USA, Inc  ",Somerville  ,NJ,08876  ,7  ,2014-09-30,105,
164,page011.html,id=164,https://www.azjobconnection.gov/ada/mn_warn_dsp.cfm?id=164,Rural Metro  ,Scottsdale  ,AZ,85258  ,7  ,2014-08-27,255,
163,page012.html,id=163,https://www.azjobconnection.gov/ada/mn_warn_dsp.cfm?id=163,"NewStar Fresh Foods, LLC  ",Salinas  ,CA,93901  ,9  ,2014-08-15,41,
160,page012.html,id=160,https://www.azjobconnection.gov/ada/mn_warn_dsp.cfm?id=160,Arizona Neurological Institute  ,Sun City  ,AZ,85351  ,7  ,2014-08-01,110,
158,page012.html,id=158,https://www.azjobconnection.gov/ada/mn_warn_dsp.cfm?id=158,Sodexo  ,Gilbert  ,AZ,85295  ,7  ,2014-07-30,58,
162,page012.html,id=162,https://www.azjobconnection.gov/ada/mn_warn_dsp.cfm?id=162,Anthem Education  ,Fort Lauderdale  ,FL,33334  ,5  ,2014-07-15,21,
159,page012.html,id=159,https://www.azjobconnection.gov/ada/mn_warn_dsp.cfm?id=159,Davidson Hotels & Resorts  ,Alanta  ,GA,30346  ,7  ,2014-06-26,51,
157,page012.html,id=157,https://www.azjobconnection.gov/ada/mn_warn_dsp.cfm?id=157,TRX Managment LLCdba Zona Hotel & Suites  ,Scottsdale  ,AZ,85255  ,7  ,2014-06-20,82,
156,page012.html,id=156,https://www.azjobconnection.gov/ada/mn_warn_dsp.cfm?id=156,Acosta Sales & Marketing  ,Brea  ,CA,92821  ,5  ,2014-06-19,50,
154,page012.html,id=154,https://www.azjobconnection.gov/ada/mn_warn_dsp.cfm?id=154,Maricopa Integrated Health System (CCC)  ,Phoenix  ,AZ,85008  ,5  ,2014-04-25,641,
153,page012.html,id=153,https://www.azjobconnection.gov/ada/mn_warn_dsp.cfm?id=153,Lockheed Martin Corporation Information Systems  ,Boulder  ,CO,80301  ,7  ,2014-04-11,402,
155,page012.html,id=155,https://www.azjobconnection.gov/ada/mn_warn_dsp.cfm?id=155,"US Airways, Inc.  ",Phoenix  ,AZ,85034  ,7  ,2014-04-07,13,
116,page012.html,id=116,https://www.azjobconnection.gov/ada/mn_warn_dsp.cfm?id=116,General Dynamics Information Technology  ,Fairfax  ,VA,22031  ,5  ,2014-03-06,187,
115,page012.html,id=115,https://www.azjobconnection.gov/ada/mn_warn_dsp.cfm?id=115,CenturyLink  ,New Century  ,KS,66031  ,5  ,2014-02-26,52,
117,page012.html,id=117,https://www.azjobconnection.gov/ada/mn_warn_dsp.cfm?id=117,PaperWorks  ,Bala Cynwyd  ,PA,19004  ,5  ,2014-01-31,100,
119,page012.html,id=119,https://www.azjobconnection.gov/ada/mn_warn_dsp.cfm?id=119,Magellan  ,Phoenix  ,AZ,85034  ,5  ,2014-01-27,247,
121,page012.html,id=121,https://www.azjobconnection.gov/ada/mn_warn_dsp.cfm?id=121,"Blue Chip southwest, LLC  ",Walnut Creek  ,CA,94598  ,7  ,2014-01-24,85,
120,page012.html,id=120,https://www.azjobconnection.gov/ada/mn_warn_dsp.cfm?id=120,GE Capital  ,Phoenix  ,AZ,85040  ,5  ,2014-01-15,89,
122,page012.html,id=122,https://www.azjobconnection.gov/ada/mn_warn_dsp.cfm?id=122,Albertsons LLC  ,Tolleson  ,AZ,85353  ,7  ,2014-01-13,68,
131,page012.html,id=131,https://www.azjobconnection.gov/ada/mn_warn_dsp.cfm?id=131,Macy'S  ,Mesa  ,AZ,85202  ,7  ,2014-01-08,92,
132,page012.html,id=132,https://www.azjobconnection.gov/ada/mn_warn_dsp.cfm?id=132,Delaware North Companies Travel Hospitality Serv  ,Buffalo  ,NY,14202  ,5  ,2013-12-20,51,
114,page012.html,id=114,https://www.azjobconnection.gov/ada/mn_warn_dsp.cfm?id=114,Fortner Aerospace/PCC Aerostuructures  ,Prescott  ,AZ,86301  ,12  ,2013-12-04,78,
141,page012.html,id=141,https://www.azjobconnection.gov/ada/mn_warn_dsp.cfm?id=141,Bank of America  ,Washington  ,DC,20004  ,7  ,2013-11-22,82,
140,page012.html,id=140,https://www.azjobconnection.gov/ada/mn_warn_dsp.cfm?id=140,Target  ,Tempe  ,AZ,85284  ,7  ,2013-11-04,80,
138,page012.html,id=138,https://www.azjobconnection.gov/ada/mn_warn_dsp.cfm?id=138,GNC Live Well  ,Phoenix  ,AZ,85043  ,5  ,2013-10-10,30,
139,page012.html,id=139,https://www.azjobconnection.gov/ada/mn_warn_dsp.cfm?id=139,SB Capital Acquistion LLC  ,Columbus  ,OH,43219  ,7  ,2013-09-30,97,
142,page012.html,id=142,https://www.azjobconnection.gov/ada/mn_warn_dsp.cfm?id=142,River Ranch  ,Salinas  ,CA,93901  ,9  ,2013-09-13,53,
152,page013.html,id=152,https://www.azjobconnection.gov/ada/mn_warn_dsp.cfm?id=152,Aramark  ,Anaheim  ,CA,92807  ,5  ,2013-09-09,201,
147,page013.html,id=147,https://www.azjobconnection.gov/ada/mn_warn_dsp.cfm?id=147,"NewStar Fresh Foods, LLC  ",Salinas  ,CA,93901  ,9  ,2013-09-06,340,
145,page013.html,id=145,https://www.azjobconnection.gov/ada/mn_warn_dsp.cfm?id=145,Jabil  ,Tempe  ,AZ,85281  ,7  ,2013-09-05,615,
148,page013.html,id=148,https://www.azjobconnection.gov/ada/mn_warn_dsp.cfm?id=148,Kmart  ,Hoffman Estates  ,IL,60179  ,5  ,2013-08-29,76,
136,page013.html,id=136,https://www.azjobconnection.gov/ada/mn_warn_dsp.cfm?id=136,"ACP Services, LLC  ",Walnut Creek  ,CA,94597  ,7  ,2013-08-28,145,
133,page013.html,id=133,https://www.azjobconnection.gov/ada/mn_warn_dsp.cfm?id=133,"Ottobock Orthopedic Services , LLC  ",Tempe  ,AZ,85282  ,7  ,2013-08-01,68,
135,page013.html,id=135,https://www.azjobconnection.gov/ada/mn_warn_dsp.cfm?id=135,Cody Inc.  ,Phoenix  ,AZ,85034  ,5  ,2013-08-01,50,
113,page013.html,id=113,https://www.azjobconnection.gov/ada/mn_warn_dsp.cfm?id=113,Geneeral Dynamics Information Technology  ,Fairfax  ,VA,22030  ,6  ,2013-07-17,102,
112,page013.html,id=112,https://www.azjobconnection.gov/ada/mn_warn_dsp.cfm?id=112,Intuit  ,Mountain View  ,CA,94043  ,6  ,2013-07-10,229,
144,page013.html,id=144,https://www.azjobconnection.gov/ada/mn_warn_dsp.cfm?id=144,Northrop Grumman  ,Herndon  ,VA,20171  ,9  ,2013-05-24,58,
143,page013.html,id=143,https://www.azjobconnection.gov/ada/mn_warn_dsp.cfm?id=143,Magna Cosma pwer Systems  ,Phoenix  ,AZ,85043  ,5  ,2013-05-20,85,
151,page013.html,id=151,https://www.azjobconnection.gov/ada/mn_warn_dsp.cfm?id=151,Highway Technologies  ,Houston  ,TX,77002  ,7  ,2013-05-17,60,
146,page013.html,id=146,https://www.azjobconnection.gov/ada/mn_warn_dsp.cfm?id=146,Greenbrier Rail Services  ,Lake Oswego  ,OR,97035  ,6  ,2013-05-05,89,
111,page013.html,id=111,https://www.azjobconnection.gov/ada/mn_warn_dsp.cfm?id=111,"Aegis Communications Group, Inc.  ",Irving  ,TX,75063  ,1  ,2013-04-29,150,
110,page013.html,id=110,https://www.azjobconnection.gov/ada/mn_warn_dsp.cfm?id=110,"William Dale Young & Sons, Inc., Cocopah Nurseries  ",Dateland  ,AZ,85222  ,9  ,2013-03-11,15,
109,page013.html,id=109,https://www.azjobconnection.gov/ada/mn_warn_dsp.cfm?id=109,Heracus Materials Technology North America LLC  ,Chandler  ,AZ,85226  ,7  ,2013-03-01,180,
106,page013.html,id=106,https://www.azjobconnection.gov/ada/mn_warn_dsp.cfm?id=106,Phoenix Children's Hospital  ,Phoenix  ,AZ,85016  ,5  ,2013-01-29,150,
105,page013.html,id=105,https://www.azjobconnection.gov/ada/mn_warn_dsp.cfm?id=105,"The Cheesecake Factory. Grand Lux Cafe, LLC  ",Calabasas Hills  ,CA,91301  ,7  ,2013-01-17,89,
104,page013.html,id=104,https://www.azjobconnection.gov/ada/mn_warn_dsp.cfm?id=104,SSI  ,Shelton  ,CT,06484  ,2  ,2012-12-18,135,
101,page013.html,id=101,https://www.azjobconnection.gov/ada/mn_warn_dsp.cfm?id=101,"VWR International, Rodnor Corporate Center  ",Radnor  ,PA,19087  ,7  ,2012-12-17,50,
102,page013.html,id=102,https://www.azjobconnection.gov/ada/mn_warn_dsp.cfm?id=102,TriWest Healthcare Alliance  ,Phoenix  ,AZ,85053  ,5  ,2012-12-10,904,
103,page013.html,id=103,https://www.azjobconnection.gov/ada/mn_warn_dsp.cfm?id=103,Cementation  ,Sandy  ,UT,84070  ,2  ,2012-12-10,400,
100,page013.html,id=100,https://www.azjobconnection.gov/ada/mn_warn_dsp.cfm?id=100,Valeant Pharmaceuticals North America LLC  ,Bridgewater  ,NJ,08807  ,7  ,2012-12-10,319,
99,page013.html,id=99,https://www.azjobconnection.gov/ada/mn_warn_dsp.cfm?id=99,Hawker Beechcraft Corporation  ,Witchita  ,KS,67206  ,7  ,2012-11-14,38,
98,page013.html,id=98,https://www.azjobconnection.gov/ada/mn_warn_dsp.cfm?id=98,"Wyndam Vaction ownerhsip, Inc. (Company)  ",Orlando  ,FL,32819  ,7  ,2012-11-07,99,
97,page014.html,id=97,https://www.azjobconnection.gov/ada/mn_warn_dsp.cfm?id=97,HMSHost  ,Phoenix  ,AZ,85034  ,5  ,2012-10-29,409,
95,page014.html,id=95,https://www.azjobconnection.gov/ada/mn_warn_dsp.cfm?id=95,Guardian Building Products  ,Greer  ,SC,29651  ,11  ,2012-10-15,89,
94,page014.html,id=94,https://www.azjobconnection.gov/ada/mn_warn_dsp.cfm?id=94,AAA Club Partners  ,Wilmington  ,DE,19801  ,7  ,2012-10-09,104,
93,page014.html,id=93,https://www.azjobconnection.gov/ada/mn_warn_dsp.cfm?id=93,Kmart Corporation  ,Hoffman Estates  ,IL,60179  ,7  ,2012-10-04,56,
92,page014.html,id=92,https://www.azjobconnection.gov/ada/mn_warn_dsp.cfm?id=92,"Asset Acceptance, LLC  ",Warren  ,MI,48093  ,7  ,2012-09-10,84,
96,page014.html,id=96,https://www.azjobconnection.gov/ada/mn_warn_dsp.cfm?id=96,"marriott International, Inc.  ",Bethesda  ,MD,20817  ,6  ,2012-08-30,44,
89,page014.html,id=89,https://www.azjobconnection.gov/ada/mn_warn_dsp.cfm?id=89,Catalyst Paper Inc.  ,Snowflake  ,AZ,85937  ,14  ,2012-07-30,266,
90,page014.html,id=90,https://www.azjobconnection.gov/ada/mn_warn_dsp.cfm?id=90,The Apache Railway Company Inc.  ,Snowflake  ,AZ,85937  ,14  ,2012-07-30,26,
91,page014.html,id=91,https://www.azjobconnection.gov/ada/mn_warn_dsp.cfm?id=91,"Global Solar Energy, Inc.  ",Tucson  ,AZ,85747  ,6  ,2012-07-19,39,
88,page014.html,id=88,https://www.azjobconnection.gov/ada/mn_warn_dsp.cfm?id=88,"THQ, Inc.  ",Agoura Hills  ,CA,91301  ,5  ,2012-07-19,57,
87,page014.html,id=87,https://www.azjobconnection.gov/ada/mn_warn_dsp.cfm?id=87,"Mojave Desert Minerals, LLC  ",Arvada  ,CO,80002  ,11  ,2012-07-12,56,
66,page014.html,id=66,https://www.azjobconnection.gov/ada/mn_warn_dsp.cfm?id=66,"Hostess Brands, Inc.  ",Benson  ,AZ,856026306  ,1  ,2012-05-04,2,
67,page014.html,id=67,https://www.azjobconnection.gov/ada/mn_warn_dsp.cfm?id=67,Hostess Brand Inc.  ,Flagstaff  ,AZ,860044216  ,10  ,2012-05-04,9,
68,page014.html,id=68,https://www.azjobconnection.gov/ada/mn_warn_dsp.cfm?id=68,"Hostess Brands, Inc.  ",Globe  ,AZ,85901  ,2  ,2012-05-04,1,
69,page014.html,id=69,https://www.azjobconnection.gov/ada/mn_warn_dsp.cfm?id=69,"Hostess Brand, Inc.  ",Payson  ,AZ,85901  ,2  ,2012-05-04,1,
70,page014.html,id=70,https://www.azjobconnection.gov/ada/mn_warn_dsp.cfm?id=70,"Hostess Brands, Inc.  ",Ehrenberg  ,AZ,85334  ,11  ,2012-05-04,1,
71,page014.html,id=71,https://www.azjobconnection.gov/ada/mn_warn_dsp.cfm?id=71,"Hostess Brands, Inc.  ",Mesa  ,AZ,852038033  ,7  ,2012-05-04,2,
72,page014.html,id=72,https://www.azjobconnection.gov/ada/mn_warn_dsp.cfm?id=72,"Hostess Brands, Inc.  ",Phoenix  ,AZ,850221107  ,7  ,2012-05-04,42,
73,page014.html,id=73,https://www.azjobconnection.gov/ada/mn_warn_dsp.cfm?id=73,"Hostess Brands, Inc.  ",Phoenix  ,AZ,850094720  ,7  ,2012-05-04,38,
74,page014.html,id=74,https://www.azjobconnection.gov/ada/mn_warn_dsp.cfm?id=74,"Hostess Brand, Inc.  ",Chandler  ,AZ,852251125  ,7  ,2012-05-04,43,
75,page014.html,id=75,https://www.azjobconnection.gov/ada/mn_warn_dsp.cfm?id=75,"Hostess Brands, Inc.  ",Phoenix  ,AZ,850408810  ,7  ,2012-05-04,1,
76,page014.html,id=76,https://www.azjobconnection.gov/ada/mn_warn_dsp.cfm?id=76,"Hostess Brands, Inc.  ",Fort Mohave  ,AZ,86426  ,11  ,2012-05-04,7,
77,page014.html,id=77,https://www.azjobconnection.gov/ada/mn_warn_dsp.cfm?id=77,"Hostess Brand, Inc.  ",Lake Havasu City  ,AZ,864042401  ,11  ,2012-05-04,5,
78,page014.html,id=78,https://www.azjobconnection.gov/ada/mn_warn_dsp.cfm?id=78,"Hostess Brands, Inc.  ",Kingman  ,AZ,86401  ,11  ,2012-05-04,6,
79,page014.html,id=79,https://www.azjobconnection.gov/ada/mn_warn_dsp.cfm?id=79,"Hostess Brands, Inc.  ",Showlow  ,AZ,85901  ,14  ,2012-05-04,1,
80,page015.html,id=80,https://www.azjobconnection.gov/ada/mn_warn_dsp.cfm?id=80,"Hostess Brands, Inc.  ",Tucson  ,AZ,857055930  ,6  ,2012-05-04,38,
81,page015.html,id=81,https://www.azjobconnection.gov/ada/mn_warn_dsp.cfm?id=81,"Hostess Brands, Inc.  ",Casa Grande  ,AZ,852225203  ,2  ,2012-05-04,2,
82,page015.html,id=82,https://www.azjobconnection.gov/ada/mn_warn_dsp.cfm?id=82,"Hostess Brands, Inc.  ",Chino Valley  ,AZ,86323  ,12  ,2012-05-04,3,
83,page015.html,id=83,https://www.azjobconnection.gov/ada/mn_warn_dsp.cfm?id=83,"Hostess Brands, Inc.  ",Yuma  ,AZ,853648540  ,9  ,2012-05-04,8,
63,page015.html,id=63,https://www.azjobconnection.gov/ada/mn_warn_dsp.cfm?id=63,Covance Laboratories Inc.  ,Chandler  ,AZ,852861703  ,7  ,2012-05-02,133,
64,page015.html,id=64,https://www.azjobconnection.gov/ada/mn_warn_dsp.cfm?id=64,MetLife  ,Scottsdale  ,AZ,85260  ,7  ,2012-05-01,64,
65,page015.html,id=65,https://www.azjobconnection.gov/ada/mn_warn_dsp.cfm?id=65,"O.P.E.N. America, Inc. dba: OpenWorks  ",Phoenix  ,AZ,85043  ,7  ,2012-05-01,144,
40,page015.html,id=40,https://www.azjobconnection.gov/ada/mn_warn_dsp.cfm?id=40,"American Airlines, Inc.  ",Tucson  ,AZ,85706  ,6  ,2012-05-01,550,
10,page015.html,id=10,https://www.azjobconnection.gov/ada/mn_warn_dsp.cfm?id=10,"The Great Indoors #1901  ",Scottsdale  ,AZ,85254  ,7  ,2012-04-18,75,
11,page015.html,id=11,https://www.azjobconnection.gov/ada/mn_warn_dsp.cfm?id=11,The Great Indoors #1913  ,Chandler  ,AZ,85226  ,7  ,2012-04-18,61,
5,page015.html,id=5,https://www.azjobconnection.gov/ada/mn_warn_dsp.cfm?id=5,Wells Fargo  ,Chandler  ,AZ,85286  ,7  ,2012-03-26,76,
86,page015.html,id=86,https://www.azjobconnection.gov/ada/mn_warn_dsp.cfm?id=86,"Bada Bing Bakery LLC, dba Chompie's Baking Co.  ",Phoenix  ,AZ,85034  ,7  ,2012-03-16,74,
9,page015.html,id=9,https://www.azjobconnection.gov/ada/mn_warn_dsp.cfm?id=9,Armor Works  ,Chandler  ,AZ,85226  ,7  ,2012-03-12,124,
8,page015.html,id=8,https://www.azjobconnection.gov/ada/mn_warn_dsp.cfm?id=8,SCAN Health Plan Arizona  ,Phoenix  ,AZ,85014  ,7  ,2012-02-29,64,
7,page015.html,id=7,https://www.azjobconnection.gov/ada/mn_warn_dsp.cfm?id=7,Schuff Steel Company  ,Gilbert  ,AZ,85233  ,7  ,2012-02-24,89,
6,page015.html,id=6,https://www.azjobconnection.gov/ada/mn_warn_dsp.cfm?id=6,"Chevron Mining, Inc. McKinley Mine  ",Gallup  ,NM,87305  ,15  ,2012-02-08,103,
4,page015.html,id=4,https://www.azjobconnection.gov/ada/mn_warn_dsp.cfm?id=4,VT Services  ,Ft. Huachuca  ,AZ,85613  ,1  ,2012-01-31,107,
3,page015.html,id=3,https://www.azjobconnection.gov/ada/mn_warn_dsp.cfm?id=3,"SYKES Enterprises, Incorporated  ",Nogales  ,AZ,85621  ,8  ,2012-01-24,85,
2,page015.html,id=2,https://www.azjobconnection.gov/ada/mn_warn_dsp.cfm?id=2,Albertson's Store #968  ,Casa Grande  ,AZ,85222  ,2  ,2012-01-06,73,
34,page015.html,id=34,https://www.azjobconnection.gov/ada/mn_warn_dsp.cfm?id=34,UTi Intergrated Logistics  ,Phoenix  ,AZ,85043  ,7  ,2011-12-12,144,
33,page015.html,id=33,https://www.azjobconnection.gov/ada/mn_warn_dsp.cfm?id=33,CardWorks Processing LLC  ,Tucson  ,AZ,85711  ,6  ,2011-12-01,146,
36,page015.html,id=36,https://www.azjobconnection.gov/ada/mn_warn_dsp.cfm?id=36,"Healthways, Inc.  ",Phoenix  ,AZ,85044  ,7  ,2011-11-16,92,
35,page015.html,id=35,https://www.azjobconnection.gov/ada/mn_warn_dsp.cfm?id=35,"TCIM Services, Inc.  ",Tucson  ,AZ,85705  ,6  ,2011-11-01,122,
37,page015.html,id=37,https://www.azjobconnection.gov/ada/mn_warn_dsp.cfm?id=37,International Bedding  ,Tolleson  ,AZ,85353  ,7  ,2011-10-21,83,
38,page015.html,id=38,https://www.azjobconnection.gov/ada/mn_warn_dsp.cfm?id=38,Milgard Windows & Doors  ,Chandler  ,AZ,85225  ,7  ,2011-10-17,86,
39,page016.html,id=39,https://www.azjobconnection.gov/ada/mn_warn_dsp.cfm?id=39,"Kmart Store # 4269  ",Phoenix  ,AZ,85019  ,7  ,2011-10-15,105,
41,page016.html,id=41,https://www.azjobconnection.gov/ada/mn_warn_dsp.cfm?id=41,"Schenker, Inc.  ",Phoenix  ,AZ,85040  ,7  ,2011-09-16,69,
42,page016.html,id=42,https://www.azjobconnection.gov/ada/mn_warn_dsp.cfm?id=42,"Video Monitoring Services of America, LP  ",Tucson  ,AZ,85711  ,6  ,2011-08-26,0,
43,page016.html,id=43,https://www.azjobconnection.gov/ada/mn_warn_dsp.cfm?id=43,Hualapai Mountain Medical Center  ,Kingman  ,AZ,86401  ,11  ,2011-08-26,221,
44,page016.html,id=44,https://www.azjobconnection.gov/ada/mn_warn_dsp.cfm?id=44,SOLON Corporation  ,Tucson  ,AZ,85756  ,6  ,2011-08-15,64,
45,page016.html,id=45,https://www.azjobconnection.gov/ada/mn_warn_dsp.cfm?id=45,"ShelterClean of Arizona, Inc.  ",Phoenix  ,AZ,85034  ,7  ,2011-08-15,36,
46,page016.html,id=46,https://www.azjobconnection.gov/ada/mn_warn_dsp.cfm?id=46,"THQ, Inc. Digital Studio Phoenix  ",Phoenix  ,AZ,85016  ,7  ,2011-08-08,48,
47,page016.html,id=47,https://www.azjobconnection.gov/ada/mn_warn_dsp.cfm?id=47,Carlota Copper Company  ,Miami  ,AZ,85539  ,2  ,2011-08-01,32,
48,page016.html,id=48,https://www.azjobconnection.gov/ada/mn_warn_dsp.cfm?id=48,Bridgeway Health Solutions  ,Tucson  ,AZ,85714  ,6  ,2011-07-29,134,
49,page016.html,id=49,https://www.azjobconnection.gov/ada/mn_warn_dsp.cfm?id=49,Cellco Partnership dba Verizon Wireless  ,Phoenix  ,AZ,85044  ,7  ,2011-07-27,130,
50,page016.html,id=50,https://www.azjobconnection.gov/ada/mn_warn_dsp.cfm?id=50,Supervalu Logistics  ,Phoenix  ,AZ,85043  ,7  ,2011-07-12,126,
51,page016.html,id=51,https://www.azjobconnection.gov/ada/mn_warn_dsp.cfm?id=51,Mike Campbell & Associates  ,Phoenix  ,AZ,85009  ,7  ,2011-07-06,7,
52,page016.html,id=52,https://www.azjobconnection.gov/ada/mn_warn_dsp.cfm?id=52,"DeVry, Inc.  ",Phoenix  ,AZ,85021  ,7  ,2011-06-17,150,
53,page016.html,id=53,https://www.azjobconnection.gov/ada/mn_warn_dsp.cfm?id=53,"Semiconductor Component Industries, LLC dba ON Sem  ",Phoenix  ,AZ,85008  ,7  ,2011-06-03,173,
54,page016.html,id=54,https://www.azjobconnection.gov/ada/mn_warn_dsp.cfm?id=54,"Superior Technical Resources, Inc.  ",Phoenix  ,AZ,85008  ,7  ,2011-06-02,26,
55,page016.html,id=55,https://www.azjobconnection.gov/ada/mn_warn_dsp.cfm?id=55,Hometown America  ,Apache Junction  ,AZ,85219  ,6  ,2011-05-31,16,
56,page016.html,id=56,https://www.azjobconnection.gov/ada/mn_warn_dsp.cfm?id=56,Republic National Distributing Company  ,Phoenix  ,AZ,85043  ,7  ,2011-05-27,250,
57,page016.html,id=57,https://www.azjobconnection.gov/ada/mn_warn_dsp.cfm?id=57,Deluxe Corporation  ,Phoenix  ,AZ,850347244  ,7  ,2011-05-24,176,
58,page016.html,id=58,https://www.azjobconnection.gov/ada/mn_warn_dsp.cfm?id=58,Ameron International Phoenix Division  ,Phoenix  ,AZ,85034  ,7  ,2011-04-06,112,
62,page016.html,id=62,https://www.azjobconnection.gov/ada/mn_warn_dsp.cfm?id=62,Vulcan Materials Company  ,Laveen  ,AZ,85339  ,7  ,2011-03-18,61,
59,page016.html,id=59,https://www.azjobconnection.gov/ada/mn_warn_dsp.cfm?id=59,Robb & Stucky Limited LLLP  ,Scottsdale  ,AZ,85254  ,7  ,2011-03-09,89,
60,page016.html,id=60,https://www.azjobconnection.gov/ada/mn_warn_dsp.cfm?id=60,"Northrop Grumman Technical Services, Inc.  ",Yuma Proving Ground  ,AZ,85365  ,9  ,2011-03-01,67,
61,page016.html,id=61,https://www.azjobconnection.gov/ada/mn_warn_dsp.cfm?id=61,Abrazo Health Care  ,Chandler  ,AZ,85224  ,7  ,2011-01-07,79,
12,page016.html,id=12,https://www.azjobconnection.gov/ada/mn_warn_dsp.cfm?id=12,International Window Arizona  ,Phoenix  ,AZ,85040  ,7  ,2010-12-30,64,
13,page016.html,id=13,https://www.azjobconnection.gov/ada/mn_warn_dsp.cfm?id=13,Kaplan University  ,Phoenix  ,AZ,85008  ,7  ,2010-12-07,56,
14,page017.html,id=14,https://www.azjobconnection.gov/ada/mn_warn_dsp.cfm?id=14,John C. Lincoln Health Network's North Mountain  ,Phoenix  ,AZ,85020  ,7  ,2010-12-06,99,
15,page017.html,id=15,https://www.azjobconnection.gov/ada/mn_warn_dsp.cfm?id=15,ZipRealty  ,Phoenix  ,AZ,85018  ,7  ,2010-11-29,195,
16,page017.html,id=16,https://www.azjobconnection.gov/ada/mn_warn_dsp.cfm?id=16,CEMEX  ,Tucson  ,AZ,85743  ,6  ,2010-11-22,49,
17,page017.html,id=17,https://www.azjobconnection.gov/ada/mn_warn_dsp.cfm?id=17,Palm Harbor Homes  ,Tempe  ,AZ,85821  ,7  ,2010-11-19,86,
18,page017.html,id=18,https://www.azjobconnection.gov/ada/mn_warn_dsp.cfm?id=18,Plastican division of BWAY Corporation  ,Phoenix  ,AZ,85009  ,7  ,2010-11-17,54,
19,page017.html,id=19,https://www.azjobconnection.gov/ada/mn_warn_dsp.cfm?id=19,Pulte Building Services (PBS)  ,Tolleson  ,AZ,85353  ,7  ,2010-11-12,351,
20,page017.html,id=20,https://www.azjobconnection.gov/ada/mn_warn_dsp.cfm?id=20,Hines Nurseries  ,Chino Valley  ,AZ,86323  ,12  ,2010-10-06,133,
21,page017.html,id=21,https://www.azjobconnection.gov/ada/mn_warn_dsp.cfm?id=21,"AB Car Rental Services, Inc.  ",Phoenix  ,AZ,85034  ,7  ,2010-09-28,70,
22,page017.html,id=22,https://www.azjobconnection.gov/ada/mn_warn_dsp.cfm?id=22,Xanodyne Pharamaceuticals  ,Gilbert  ,AZ,85007  ,7  ,2010-09-21,3,
23,page017.html,id=23,https://www.azjobconnection.gov/ada/mn_warn_dsp.cfm?id=23,"O'Reilly Automotive, Inc.  ",Phoenix  ,AZ,85043  ,7  ,2010-09-09,45,
24,page017.html,id=24,https://www.azjobconnection.gov/ada/mn_warn_dsp.cfm?id=24,"Dole Fresh Vegetables, Inc.  ",Yuma  ,AZ,85365  ,9  ,2010-08-27,652,
25,page017.html,id=25,https://www.azjobconnection.gov/ada/mn_warn_dsp.cfm?id=25,Whirlaway Corporation  ,Tempe  ,AZ,85282  ,7  ,2010-08-10,150,
26,page017.html,id=26,https://www.azjobconnection.gov/ada/mn_warn_dsp.cfm?id=26,"Citigroup, Inc.  ",Phoenix  ,AZ,85044  ,7  ,2010-07-30,272,
27,page017.html,id=27,https://www.azjobconnection.gov/ada/mn_warn_dsp.cfm?id=27,Coach-Net Services Group  ,Lake Havasu City  ,AZ,86403  ,11  ,2010-07-27,160,
28,page017.html,id=28,https://www.azjobconnection.gov/ada/mn_warn_dsp.cfm?id=28,Microsemi Corporation  ,Phoenix  ,AZ,85251  ,7  ,2010-07-12,255,
29,page017.html,id=29,https://www.azjobconnection.gov/ada/mn_warn_dsp.cfm?id=29,Crowne Plaza Hotel  ,Phoenix  ,AZ,85029  ,7  ,2010-06-30,79,
30,page017.html,id=30,https://www.azjobconnection.gov/ada/mn_warn_dsp.cfm?id=30,Embassy Suites Hotel (Phoenix)  ,Phoenix  ,AZ,85008  ,7  ,2010-06-14,73,
31,page017.html,id=31,https://www.azjobconnection.gov/ada/mn_warn_dsp.cfm?id=31,Marketfare Foods  ,Phoenix  ,AZ,85034  ,7  ,2010-06-11,84,
32,page017.html,id=32,https://www.azjobconnection.gov/ada/mn_warn_dsp.cfm?id=32,ATC/Vancom of Arizona L.P. dba Veolia Tranport.  ,Phoenix  ,AZ,85003  ,7  ,2010-04-28,953,
